Id,Type,Color,Fabric,Season Suitability,Style,Condition
13,Dress,White,Cotton,Spring,Vintage,Used
15,Shirt,White,Cotton,Fall,Athletic,Used
16,Dress,Green,Wool,Winter,Vintage,Used
17,Skirt,Green,Silk,Spring,Formal,Worn
18,Jacket,Black,Wool,Winter,Athletic,Used
19,Trousers,Blue,Wool,Fall,Vintage,Worn
20,Shirt,Red,Wool,Spring,Formal,Used
21,Dress,Black,Cotton,Fall,Athletic,New
22,Dress,Blue,Silk,Spring,Athletic,Used
23,Dress,Black,Wool,Winter,Formal,New
24,Skirt,Blue,Silk,Spring,Formal,Used
25,Jacket,Green,Wool,Spring,Vintage,New
26,Trousers,Black,Polyester,Spring,Vintage,Used
29,Skirt,Blue,Polyester,Spring,Athletic,Used
30,Dress,Black,Wool,Summer,Formal,Used
31,Skirt,Red,Cotton,Spring,Athletic,Used
32,Jacket,Green,Cotton,Fall,Formal,New
33,Skirt,Green,Cotton,Fall,Formal,New
34,Skirt,Red,Polyester,Winter,Casual,Used
36,Shirt,Blue,Cotton,Fall,Athletic,New
37,Skirt,Black,Cotton,Spring,Formal,New
38,Jacket,Red,Cotton,Spring,Casual,Used
39,Trousers,White,Cotton,Spring,Formal,New
41,Trousers,Green,Wool,Spring,Athletic,Used
43,Dress,Blue,Wool,Spring,Formal,Used
44,Dress,Black,Polyester,Fall,Vintage,New
45,Jacket,White,Cotton,Spring,Casual,New
46,Shirt,Green,Cotton,Spring,Casual,New
47,Skirt,Orange,Silk,Spring,Casual,New
48,Skirt,White,Cotton,Summer,Formal,Used
49,Jacket,White,Cotton,Spring,Casual,New
50,Jacket,White,Cotton,Spring,Casual,New
51,Jacket,Black,Cotton,Spring,Casual,New
52,Jacket,White,Polyester,Fall,Casual,Worn
53,Trousers,Black,Silk,Fall,Formal,New
54,Shirt,White,Silk,Fall,Formal,New
55,Jacket,Black,Cotton,Fall,Formal,New
56,Shirt,White,Cotton,Spring,Athletic,New
57,Trousers,Black,Cotton,Spring,Athletic,New
58,Jacket,White,Cotton,Spring,Formal,New
59,Skirt,White,Cotton,Spring,Formal,New
60,Shirt,White,Cotton,Spring,Formal,New
61,Trousers,White,Cotton,Spring,Formal,New
62,Dress,Blue,Silk,Spring,Formal,New
63,Dress,Black,Silk,Fall,Formal,New
