Type,Color,Fabric,Season Suitability,Style,Condition,Temp,Weather Cond,Humidity,Type of Event,Recommend
Trousers,Black,Cotton,Winter,Athletic,New,-4,Cloudy,78,Formal Event,0
Shirt,Yellow,Cotton,Winter,Athletic,Worn,4,Cloudy,42,Formal Event,0
Jacket,Yellow,Cotton,Fall,Athletic,Worn,12,Cloudy,64,Formal Event,0
Trousers,Brown,Cotton,Winter,Athletic,Worn,-17,Cloudy,10,Formal Event,0
Skirt,Gray,Cotton,Fall,Athletic,New,3,Cloudy,81,Formal Event,0
Shirt,White,Cotton,Winter,Athletic,Worn,-19,Cloudy,62,Formal Event,0
Shirt,Orange,Polyester,Winter,Athletic,New,-20,Cloudy,85,Formal Event,0
Trousers,Orange,Polyester,Winter,Athletic,Worn,-12,Cloudy,10,Formal Event,0
Shirt,Orange,Polyester,Spring,Athletic,Worn,25,Cloudy,65,Formal Event,0
Shirt,Purple,Polyester,Fall,Athletic,New,10,Cloudy,39,Formal Event,0
Dress,Orange,Polyester,Summer,Athletic,Used,28,Cloudy,48,Formal Event,0
Jacket,Green,Polyester,Winter,Athletic,New,-11,Cloudy,26,Formal Event,0
Jacket,Purple,Silk,Spring,Athletic,Used,21,Cloudy,21,Formal Event,0
Skirt,Brown,Silk,Summer,Athletic,Used,36,Cloudy,11,Formal Event,0
Jacket,White,Silk,Fall,Athletic,New,13,Cloudy,35,Formal Event,0
Dress,Orange,Silk,Fall,Athletic,Used,10,Cloudy,69,Formal Event,0
Dress,Gray,Wool,Winter,Athletic,Worn,-14,Cloudy,38,Formal Event,0
Shirt,Red,Wool,Winter,Athletic,Used,-9,Cloudy,68,Formal Event,0
Dress,Orange,Wool,Summer,Athletic,New,16,Cloudy,94,Formal Event,0
Jacket,Red,Wool,Fall,Athletic,Worn,2,Cloudy,76,Formal Event,0
Skirt,Yellow,Polyester,Summer,Athletic,New,38,Cloudy,57,Casual Outing,0
Jacket,Black,Polyester,Summer,Athletic,New,26,Cloudy,54,Casual Outing,0
Skirt,Black,Polyester,Summer,Athletic,Worn,20,Cloudy,88,Casual Outing,0
Dress,Red,Silk,Summer,Athletic,Used,33,Cloudy,83,Casual Outing,0
Trousers,Brown,Silk,Summer,Athletic,New,27,Cloudy,78,Casual Outing,0
Jacket,Black,Silk,Summer,Athletic,Used,39,Cloudy,0,Casual Outing,0
Shirt,Brown,Silk,Winter,Athletic,Used,-16,Cloudy,56,Casual Outing,0
Shirt,Purple,Wool,Winter,Athletic,New,34,Cloudy,81,Casual Outing,0
Jacket,Blue,Polyester,Summer,Athletic,Used,35,Cloudy,29,Sports Activity,0
Dress,Blue,Cotton,Summer,Athletic,Used,30,Rainy,85,Casual Outing,0
Skirt,Gray,Cotton,Fall,Athletic,Worn,8,Rainy,39,Casual Outing,0
Dress,Black,Cotton,Spring,Athletic,Used,18,Rainy,100,Formal Event,0
Skirt,Green,Polyester,Fall,Athletic,New,7,Rainy,72,Formal Event,0
Trousers,Gray,Polyester,Fall,Athletic,Worn,14,Rainy,49,Formal Event,0
Dress,Red,Polyester,Spring,Athletic,Used,13,Rainy,61,Formal Event,0
Shirt,Red,Silk,Spring,Athletic,New,17,Rainy,4,Formal Event,0
Dress,Gray,Silk,Spring,Athletic,Worn,17,Rainy,54,Formal Event,0
Shirt,Green,Wool,Fall,Athletic,Worn,14,Rainy,73,Formal Event,0
Shirt,Gray,Wool,Fall,Athletic,New,8,Rainy,7,Formal Event,0
Dress,Brown,Cotton,Summer,Athletic,New,19,Rainy,47,Casual Outing,0
Jacket,White,Cotton,Fall,Athletic,Used,11,Rainy,16,Sports Activity,0
Shirt,Orange,Cotton,Spring,Athletic,Worn,16,Rainy,80,Sports Activity,0
Trousers,Green,Cotton,Spring,Athletic,Used,6,Rainy,95,Sports Activity,0
Jacket,Brown,Cotton,Fall,Athletic,Used,5,Rainy,71,Sports Activity,0
Dress,Orange,Cotton,Fall,Athletic,Worn,5,Rainy,24,Sports Activity,0
Dress,Purple,Cotton,Fall,Athletic,Used,5,Rainy,32,Sports Activity,0
Skirt,Red,Silk,Fall,Athletic,Worn,10,Rainy,55,Sports Activity,0
Skirt,Blue,Cotton,Winter,Athletic,Used,-6,Snowy,75,Formal Event,0
Trousers,Purple,Polyester,Winter,Athletic,New,-12,Snowy,53,Formal Event,0
Trousers,Black,Polyester,Winter,Athletic,Used,-17,Snowy,37,Formal Event,0
Skirt,Brown,Polyester,Winter,Athletic,Used,-17,Snowy,66,Formal Event,0
Jacket,Green,Silk,Winter,Athletic,Worn,-13,Snowy,51,Formal Event,0
Trousers,Orange,Silk,Winter,Athletic,Worn,-15,Snowy,19,Formal Event,0
Trousers,Green,Wool,Winter,Athletic,Worn,-12,Snowy,50,Formal Event,0
Dress,Gray,Polyester,Winter,Athletic,Worn,-16,Snowy,73,Sports Activity,0
Jacket,Orange,Cotton,Winter,Athletic,New,-7,Snowy,12,Casual Outing,0
Shirt,Brown,Wool,Winter,Athletic,New,-10,Snowy,23,Casual Outing,0
Jacket,White,Wool,Winter,Athletic,Worn,-16,Snowy,34,Casual Outing,0
Dress,Brown,Polyester,Winter,Athletic,New,0,Snowy,86,Sports Activity,0
Skirt,Brown,Silk,Winter,Athletic,Used,0,Snowy,18,Sports Activity,0
Shirt,Orange,Silk,Winter,Athletic,Worn,-3,Snowy,44,Sports Activity,0
Dress,Blue,Wool,Winter,Athletic,Used,-2,Snowy,72,Sports Activity,0
Trousers,Purple,Silk,Spring,Athletic,Worn,23,Sunny,76,Casual Outing,0
Shirt,Red,Wool,Summer,Athletic,Worn,40,Sunny,33,Casual Outing,0
Jacket,Yellow,Wool,Summer,Athletic,New,29,Sunny,25,Casual Outing,0
Shirt,Gray,Cotton,Fall,Athletic,Worn,10,Sunny,89,Formal Event,0
Shirt,Brown,Cotton,Summer,Athletic,Used,35,Sunny,98,Formal Event,0
Trousers,Orange,Cotton,Spring,Athletic,Worn,20,Sunny,14,Formal Event,0
Skirt,Red,Cotton,Summer,Athletic,New,31,Sunny,89,Formal Event,0
Jacket,Gray,Cotton,Spring,Athletic,Used,21,Sunny,65,Formal Event,0
Jacket,Yellow,Cotton,Fall,Athletic,New,10,Sunny,78,Formal Event,0
Shirt,White,Cotton,Spring,Athletic,Worn,18,Sunny,54,Formal Event,0
Trousers,Orange,Cotton,Summer,Athletic,Worn,35,Sunny,95,Formal Event,0
Skirt,Black,Cotton,Summer,Athletic,Worn,26,Sunny,64,Formal Event,0
Shirt,Orange,Polyester,Summer,Athletic,New,39,Sunny,59,Formal Event,0
Shirt,Red,Polyester,Summer,Athletic,Used,33,Sunny,62,Formal Event,0
Jacket,Orange,Polyester,Summer,Athletic,New,36,Sunny,22,Formal Event,0
Jacket,Black,Polyester,Spring,Athletic,Used,17,Sunny,29,Formal Event,0
Trousers,Gray,Polyester,Summer,Athletic,Worn,40,Sunny,30,Formal Event,0
Shirt,Orange,Polyester,Summer,Athletic,Worn,27,Sunny,57,Formal Event,0
Shirt,Blue,Polyester,Summer,Athletic,Worn,27,Sunny,29,Formal Event,0
Trousers,Blue,Silk,Summer,Athletic,Used,32,Sunny,42,Formal Event,0
Skirt,Black,Silk,Summer,Athletic,New,28,Sunny,50,Formal Event,0
Shirt,Yellow,Silk,Fall,Athletic,Worn,5,Sunny,42,Formal Event,0
Jacket,Yellow,Silk,Fall,Athletic,New,4,Sunny,63,Formal Event,0
Trousers,Gray,Silk,Spring,Athletic,Used,18,Sunny,0,Formal Event,0
Shirt,White,Silk,Spring,Athletic,New,24,Sunny,34,Formal Event,0
Shirt,Red,Silk,Summer,Athletic,Worn,34,Sunny,18,Formal Event,0
Dress,Brown,Silk,Summer,Athletic,Worn,26,Sunny,87,Formal Event,0
Jacket,Green,Silk,Summer,Athletic,New,26,Sunny,38,Formal Event,0
Shirt,Brown,Wool,Summer,Athletic,New,36,Sunny,43,Formal Event,0
Dress,Green,Wool,Summer,Athletic,Used,37,Sunny,47,Formal Event,0
Shirt,Gray,Wool,Summer,Athletic,New,34,Sunny,86,Formal Event,0
Dress,Purple,Wool,Summer,Athletic,Used,31,Sunny,51,Formal Event,0
Jacket,Purple,Silk,Fall,Athletic,Used,1,Sunny,49,Sports Activity,0
Jacket,Black,Wool,Spring,Athletic,Used,23,Sunny,10,Sports Activity,0
Shirt,Purple,Polyester,Fall,Athletic,New,28,Sunny,90,Casual Outing,0
Jacket,Gray,Polyester,Spring,Athletic,Worn,23,Sunny,52,Casual Outing,0
Jacket,Blue,Polyester,winter ,Athletic,Used,34,Sunny,1,Casual Outing,0
Dress,Gray,Polyester,Summer,Athletic,Worn,27,Sunny,21,Casual Outing,0
Skirt,Orange,Silk,Summer,Athletic,Used,37,Sunny,2,Casual Outing,0
Skirt,Orange,Silk,Summer,Athletic,Used,31,Sunny,81,Casual Outing,0
Jacket,White,Silk,Summer,Athletic,Used,31,Sunny,27,Casual Outing,0
Jacket,Green,Silk,Spring,Athletic,Used,25,Sunny,60,Casual Outing,0
Dress,Yellow,Wool,Summer,Athletic,Used,27,Sunny,25,Casual Outing,0
Jacket,Green,Wool,Summer,Athletic,New,33,Sunny,1,Casual Outing,0
Skirt,Gray,Wool,Summer,Athletic,Used,38,Sunny,86,Casual Outing,0
Jacket,Gray,Wool,Summer,Athletic,New,30,Sunny,71,Casual Outing,0
Trousers,Gray,Cotton,Fall,Athletic,New,1,Sunny,8,Sports Activity,0
Skirt,Gray,Polyester,Winter,Athletic,Used,-2,Windy,27,Casual Outing,0
Jacket,Green,Cotton,Spring,Athletic,Worn,16,Windy,21,Formal Event,0
Skirt,Black,Cotton,Winter,Athletic,Worn,0,Windy,35,Formal Event,0
Shirt,Brown,Cotton,Fall,Athletic,New,3,Windy,79,Formal Event,0
Jacket,Orange,Cotton,Fall,Athletic,New,14,Windy,87,Formal Event,0
Dress,Green,Cotton,Winter,Athletic,Worn,-9,Windy,45,Formal Event,0
Jacket,Green,Cotton,Spring,Athletic,New,20,Windy,23,Formal Event,0
Jacket,Green,Cotton,Winter,Athletic,New,-13,Windy,15,Formal Event,0
Shirt,Gray,Polyester,Winter,Athletic,Used,-14,Windy,44,Formal Event,0
Shirt,Green,Polyester,Winter,Athletic,Worn,-19,Windy,20,Formal Event,0
Skirt,Yellow,Polyester,Fall,Athletic,Worn,5,Windy,17,Formal Event,0
Skirt,Blue,Polyester,Fall,Athletic,New,11,Windy,34,Formal Event,0
Jacket,Purple,Polyester,Winter,Athletic,Used,-9,Windy,14,Formal Event,0
Dress,Gray,Polyester,Winter,Athletic,Worn,-8,Windy,87,Formal Event,0
Jacket,Purple,Polyester,Fall,Athletic,Worn,7,Windy,16,Formal Event,0
Jacket,Gray,Polyester,Fall,Athletic,Worn,8,Windy,81,Formal Event,0
Jacket,Orange,Silk,Fall,Athletic,Worn,3,Windy,57,Formal Event,0
Jacket,Green,Silk,Winter,Athletic,Used,-1,Windy,35,Formal Event,0
Shirt,Blue,Silk,Winter,Athletic,Worn,-8,Windy,55,Formal Event,0
Skirt,Orange,Silk,Fall,Athletic,Used,5,Windy,37,Formal Event,0
Skirt,Black,Silk,Winter,Athletic,New,-13,Windy,47,Formal Event,0
Shirt,White,Wool,Winter,Athletic,Worn,-1,Windy,80,Formal Event,0
Jacket,Green,Wool,Winter,Athletic,New,-11,Windy,34,Formal Event,0
Trousers,White,Wool,Spring,Athletic,Worn,20,Windy,34,Sports Activity,0
Dress,Purple,Wool,Winter,Athletic,New,-1,Windy,53,Sports Activity,0
Skirt,Green,Cotton,Winter,Athletic,Worn,-10,Windy,5,Casual Outing,0
Skirt,Purple,Polyester,Winter,Athletic,Used,-15,Windy,71,Casual Outing,0
Dress,White,Polyester,Winter,Athletic,Worn,-19,Windy,4,Casual Outing,0
Dress,Green,Wool,Winter,Athletic,Worn,-5,Windy,97,Casual Outing,0
Shirt,Orange,Wool,Winter,Athletic,Worn,-9,Windy,9,Casual Outing,0
Skirt,Brown,Wool,Winter,Athletic,Worn,-12,Windy,38,Casual Outing,0
Dress,Brown,Cotton,Winter,Athletic,Worn,-13,Windy,26,Sports Activity,0
Jacket,White,Silk,Fall,Athletic,New,2,Windy,30,Sports Activity,0
Dress,Gray,Silk,Fall,Athletic,New,3,Windy,100,Sports Activity,0
Shirt,Blue,Cotton,Winter,Athletic,Used,0,Cloudy,28,Casual Outing,1
Jacket,Blue,Cotton,Summer,Athletic,New,31,Cloudy,46,Casual Outing,1
Shirt,Purple,Cotton,Spring,Athletic,New,24,Cloudy,61,Casual Outing,1
Jacket,Orange,Cotton,Fall,Athletic,New,2,Cloudy,17,Casual Outing,1
Trousers,Purple,Polyester,Fall,Athletic,Used,15,Cloudy,30,Casual Outing,1
Trousers,White,Polyester,Winter,Athletic,New,-6,Cloudy,2,Casual Outing,1
Dress,Yellow,Silk,Spring,Athletic,New,20,Cloudy,36,Casual Outing,1
Shirt,Yellow,Wool,Winter,Athletic,Worn,-19,Cloudy,85,Casual Outing,1
Skirt,Black,Cotton,Summer,Athletic,Used,15,Cloudy,63,Sports Activity,1
Dress,Blue,Cotton,Spring,Athletic,Used,14,Cloudy,66,Sports Activity,1
Skirt,Black,Silk,Summer,Athletic,Used,36,Cloudy,52,Sports Activity,1
Shirt,Black,Polyester,Spring,Athletic,New,20,Rainy,94,Casual Outing,1
Skirt,Orange,Polyester,Fall,Athletic,Used,14,Rainy,54,Casual Outing,1
Skirt,Gray,Polyester,Fall,Athletic,Used,4,Rainy,90,Casual Outing,1
Skirt,Yellow,Silk,Spring,Athletic,Worn,19,Rainy,15,Casual Outing,1
Skirt,Gray,Wool,Fall,Athletic,New,11,Rainy,42,Casual Outing,1
Trousers,Brown,Polyester,Fall,Athletic,Worn,4,Rainy,95,Sports Activity,1
Jacket,Red,Wool,Spring,Athletic,Worn,17,Rainy,30,Sports Activity,1
Dress,Black,Polyester,Fall,Athletic,Worn,6,Rainy,62,Casual Outing,1
Trousers,White,Polyester,Fall,Athletic,Worn,12,Rainy,54,Sports Activity,1
Jacket,White,Polyester,Spring,Athletic,Worn,13,Rainy,84,Sports Activity,1
Dress,Gray,Polyester,Winter,Athletic,New,-9,Snowy,19,Casual Outing,1
Jacket,Purple,Polyester,Winter,Athletic,Used,-13,Snowy,68,Sports Activity,1
Jacket,Black,Wool,Winter,Athletic,Worn,-13,Snowy,77,Sports Activity,1
Jacket,Yellow,Wool,Winter,Athletic,Worn,-2,Snowy,58,Sports Activity,1
Trousers,Orange,Polyester,Winter,Athletic,Worn,-5,Snowy,65,Casual Outing,1
Dress,Red,Polyester,Winter,Athletic,Used,-12,Snowy,13,Casual Outing,1
Dress,White,Polyester,Winter,Athletic,Used,-11,Snowy,38,Casual Outing,1
Skirt,Red,Silk,Winter,Athletic,New,-13,Snowy,4,Casual Outing,1
Trousers,Blue,Wool,Winter,Athletic,New,-7,Snowy,15,Casual Outing,1
Trousers,Red,Polyester,Winter,Athletic,New,-3,Snowy,97,Sports Activity,1
Jacket,Brown,Wool,Winter,Athletic,Used,-6,Snowy,86,Sports Activity,1
Dress,Brown,Cotton,Summer,Athletic,Used,33,Sunny,56,Casual Outing,1
Dress,Blue,Polyester,Spring,Athletic,New,23,Sunny,5,Casual Outing,1
Dress,Blue,Silk,Summer,Athletic,Worn,36,Sunny,10,Casual Outing,1
Trousers,Yellow,Silk,Fall,Athletic,New,12,Sunny,76,Casual Outing,1
Skirt,Gray,Silk,Summer,Athletic,New,31,Sunny,58,Casual Outing,1
Trousers,Red,Silk,Summer,Athletic,New,31,Sunny,45,Casual Outing,1
Trousers,Blue,Silk,Summer,Athletic,Used,32,Sunny,25,Casual Outing,1
Jacket,Red,Polyester,Summer,Athletic,Worn,26,Sunny,60,Sports Activity,1
Shirt,Orange,Polyester,Summer,Athletic,New,33,Sunny,60,Sports Activity,1
Jacket,Green,Polyester,Fall,Athletic,Used,12,Sunny,6,Sports Activity,1
Skirt,White,Polyester,Fall,Athletic,New,9,Sunny,55,Sports Activity,1
Trousers,Green,Wool,Fall,Athletic,Worn,12,Sunny,99,Sports Activity,1
Shirt,Orange,Wool,Spring,Athletic,New,22,Sunny,45,Sports Activity,1
Dress,Blue,Cotton,Summer,Athletic,New,37,Sunny,23,Casual Outing,1
Skirt,Red,Cotton,Fall,Athletic,Used,2,Sunny,61,Casual Outing,1
Skirt,Green,Cotton,Summer,Athletic,Worn,37,Sunny,72,Casual Outing,1
Skirt,Green,Cotton,Summer,Athletic,New,34,Sunny,89,Casual Outing,1
Dress,Purple,Polyester,Summer,Athletic,New,39,Sunny,8,Casual Outing,1
Shirt,Gray,Silk,Fall,Athletic,Worn,11,Sunny,83,Casual Outing,1
Dress,Blue,Wool,Spring,Athletic,Worn,16,Sunny,66,Casual Outing,1
Trousers,Black,Silk,Fall,Athletic,Worn,15,Windy,74,Casual Outing,1
Skirt,Orange,Cotton,Winter,Athletic,Worn,-10,Windy,96,Sports Activity,1
Jacket,Green,Cotton,Fall,Athletic,Worn,7,Windy,66,Sports Activity,1
Trousers,Orange,Cotton,Spring,Athletic,Worn,19,Windy,85,Casual Outing,1
Skirt,Brown,Cotton,Fall,Athletic,Used,15,Windy,50,Casual Outing,1
Trousers,Blue,Cotton,Fall,Athletic,Worn,10,Windy,98,Casual Outing,1
Skirt,Orange,Polyester,Spring,Athletic,New,19,Windy,87,Casual Outing,1
Jacket,White,Polyester,Fall,Athletic,Used,15,Windy,77,Casual Outing,1
Shirt,Gray,Polyester,Fall,Athletic,New,2,Windy,24,Casual Outing,1
Dress,White,Polyester,Winter,Athletic,Worn,-12,Windy,90,Casual Outing,1
Trousers,Green,Polyester,Winter,Athletic,Worn,-15,Windy,62,Casual Outing,1
Skirt,Orange,Silk,Winter,Athletic,Used,-9,Windy,15,Casual Outing,1
Jacket,Blue,Silk,Winter,Athletic,Used,-5,Windy,94,Casual Outing,1
Shirt,Red,Silk,Fall,Athletic,Used,4,Windy,18,Casual Outing,1
Dress,Blue,Wool,Fall,Athletic,New,3,Windy,47,Casual Outing,1
Jacket,Gray,Wool,Winter,Athletic,Worn,-6,Windy,55,Casual Outing,1
Jacket,Purple,Wool,Winter,Athletic,New,-2,Windy,27,Casual Outing,1
Jacket,Brown,Wool,Spring,Athletic,Used,18,Windy,13,Casual Outing,1
Jacket,Blue,Cotton,Fall,Athletic,New,15,Windy,81,Sports Activity,1
Dress,Gray,Cotton,Winter,Athletic,New,-14,Windy,18,Sports Activity,1
Shirt,Brown,Cotton,Fall,Athletic,Used,14,Windy,40,Sports Activity,1
Skirt,Gray,Polyester,Fall,Athletic,Worn,3,Windy,96,Sports Activity,1
Skirt,Yellow,Polyester,Winter,Athletic,New,-18,Windy,12,Sports Activity,1
Trousers,Black,Polyester,Winter,Athletic,New,0,Windy,39,Sports Activity,1
Shirt,Brown,Wool,Winter,Athletic,New,-3,Windy,17,Sports Activity,1
Dress,Yellow,Wool,Winter,Athletic,Worn,-4,Windy,65,Sports Activity,1
Dress,Purple,Wool,Winter,Athletic,New,-15,Windy,96,Sports Activity,1
Shirt,Red,Wool,Summer,Athletic,Used,35,Cloudy,95,Casual Outing,1
Shirt,Black,Cotton,Fall,Athletic,New,11,Cloudy,25,Sports Activity,1
Dress,Yellow,Cotton,Fall,Athletic,Used,14,Cloudy,10,Sports Activity,1
Shirt,White,Polyester,Fall,Athletic,Used,7,Cloudy,53,Sports Activity,1
Shirt,White,Silk,Winter,Athletic,Used,-13,Cloudy,62,Sports Activity,1
Jacket,Green,Wool,Summer,Athletic,Worn,32,Cloudy,91,Sports Activity,1
Jacket,Green,Wool,Spring,Athletic,Worn,24,Cloudy,97,Sports Activity,1
Shirt,Purple,Wool,Summer,Athletic,Worn,37,Cloudy,18,Sports Activity,1
Skirt,Blue,Silk,Spring,Athletic,Used,21,Sunny,22,Casual Outing,1
Dress,Orange,Cotton,Fall,Athletic,New,2,Sunny,35,Sports Activity,1
Trousers,Red,Cotton,Spring,Athletic,Used,22,Sunny,30,Sports Activity,1
Shirt,Green,Cotton,Summer,Athletic,Worn,31,Sunny,58,Sports Activity,0
Skirt,Green,Cotton,Summer,Athletic,New,30,Sunny,41,Sports Activity,1
Jacket,Yellow,Polyester,Summer,Athletic,Worn,38,Sunny,41,Sports Activity,1
Jacket,Purple,Polyester,Fall,Athletic,Worn,6,Sunny,94,Sports Activity,1
Dress,Orange,Polyester,Fall,Athletic,Used,7,Sunny,98,Sports Activity,1
Trousers,Orange,Polyester,Spring,Athletic,Used,21,Sunny,88,Sports Activity,1
Trousers,White,Polyester,Summer,Athletic,New,29,Sunny,22,Sports Activity,1
Dress,Gray,Polyester,Fall,Athletic,Used,6,Sunny,88,Sports Activity,1
Trousers,Red,Silk,Spring,Athletic,Used,21,Sunny,44,Sports Activity,1
Trousers,Purple,Silk,Summer,Athletic,Worn,29,Sunny,89,Sports Activity,0
Skirt,Green,Silk,Summer,Athletic,Used,37,Sunny,23,Sports Activity,1
Shirt,Purple,Silk,Summer,Athletic,Worn,30,Sunny,85,Sports Activity,0
Shirt,Gray,Silk,Summer,Athletic,Used,33,Sunny,77,Sports Activity,1
Jacket,Black,Silk,Summer,Athletic,Worn,36,Sunny,3,Sports Activity,1
Trousers,White,Wool,Summer,Athletic,New,35,Sunny,63,Sports Activity,1
Dress,Brown,Wool,Summer,Athletic,New,30,Sunny,77,Sports Activity,1
Shirt,White,Wool,Fall,Athletic,Worn,9,Sunny,71,Sports Activity,0
Trousers,Brown,Wool,Summer,Athletic,New,39,Sunny,90,Sports Activity,1
Trousers,Brown,Wool,Summer,Athletic,New,27,Sunny,65,Sports Activity,1
Skirt,Blue,Cotton,Summer,Casual,New,0,Cloudy,29,Casual Outing,0
Skirt,White,Polyester,Winter,Casual,Worn,-13,Cloudy,84,Casual Outing,0
Shirt,Black,Polyester,Summer,Casual,Used,28,Cloudy,22,Casual Outing,0
Shirt,Orange,Wool,Winter,Casual,New,-18,Cloudy,63,Casual Outing,0
Skirt,Yellow,Wool,Winter,Casual,Worn,-11,Cloudy,69,Casual Outing,0
Dress,Black,Cotton,Winter,Casual,Worn,-19,Cloudy,42,Formal Event,0
Skirt,White,Cotton,Fall,Casual,Used,9,Cloudy,55,Formal Event,0
Shirt,White,Polyester,Summer,Casual,Worn,30,Cloudy,88,Formal Event,0
Skirt,Blue,Polyester,Winter,Casual,Worn,-6,Cloudy,98,Formal Event,0
Trousers,Green,Silk,Winter,Casual,Worn,-6,Cloudy,13,Formal Event,0
Trousers,Orange,Silk,Spring,Casual,Used,19,Cloudy,59,Formal Event,0
Jacket,Black,Wool,Winter,Casual,Worn,-10,Cloudy,88,Formal Event,0
Shirt,Red,Wool,Winter,Casual,Used,-13,Cloudy,21,Formal Event,0
Skirt,Purple,Wool,Winter,Casual,New,-16,Cloudy,22,Formal Event,0
Dress,Red,Cotton,Spring,Casual,Used,20,Cloudy,74,Sports Activity,0
Skirt,Yellow,Polyester,Winter,Casual,Worn,-5,Cloudy,11,Sports Activity,0
Skirt,Red,Polyester,Summer,Casual,Worn,30,Cloudy,96,Sports Activity,0
Shirt,Brown,Polyester,Spring,Casual,Worn,25,Cloudy,6,Sports Activity,0
Skirt,Gray,Polyester,Summer,Casual,New,33,Cloudy,61,Sports Activity,0
Shirt,Red,Silk,Fall,Casual,Used,1,Cloudy,3,Sports Activity,0
Shirt,White,Silk,Winter,Casual,Used,0,Cloudy,65,Sports Activity,0
Skirt,Green,Wool,Winter,Casual,Used,-14,Cloudy,10,Sports Activity,0
Trousers,Purple,Wool,Winter,Casual,New,-18,Cloudy,91,Sports Activity,0
Skirt,Orange,Wool,Spring,Casual,New,24,Cloudy,54,Sports Activity,0
Trousers,Brown,Wool,Summer,Casual,Used,31,Cloudy,59,Sports Activity,0
Skirt,Red,Wool,Summer,Casual,Used,27,Cloudy,84,Sports Activity,0
Skirt,Green,Cotton,Spring,Casual,New,19,Rainy,43,Casual Outing,0
Trousers,Orange,Cotton,Fall,Casual,Used,6,Rainy,84,Casual Outing,0
Shirt,Black,Cotton,Spring,Casual,Worn,19,Rainy,52,Formal Event,0
Jacket,Black,Cotton,Fall,Casual,Worn,12,Rainy,86,Formal Event,0
Shirt,Green,Cotton,Spring,Casual,Worn,18,Rainy,97,Sports Activity,0
Skirt,Orange,Cotton,Fall,Casual,Used,2,Rainy,23,Sports Activity,0
Skirt,White,Cotton,Fall,Casual,Used,11,Rainy,80,Sports Activity,0
Trousers,Purple,Cotton,Fall,Casual,Used,6,Rainy,66,Sports Activity,0
Dress,White,Silk,Fall,Casual,Worn,10,Rainy,39,Sports Activity,0
Trousers,Black,Polyester,Summer,Casual,Worn,24,Rainy,79,Sports Activity,0
Trousers,Black,Silk,Spring,Casual,New,18,Rainy,9,Sports Activity,0
Shirt,Purple,Wool,Summer,Casual,Worn,34,Rainy,47,Sports Activity,0
Skirt,Blue,Cotton,Winter,Casual,Used,-19,Snowy,43,Casual Outing,0
Dress,Gray,Cotton,Winter,Casual,Worn,-17,Snowy,56,Formal Event,0
Shirt,Gray,Polyester,Winter,Casual,New,-13,Snowy,87,Formal Event,0
Shirt,Black,Cotton,Winter,Casual,Worn,-6,Snowy,48,Casual Outing,0
Dress,White,Cotton,Winter,Casual,New,-15,Snowy,98,Casual Outing,0
Skirt,Gray,Silk,Winter,Casual,New,-13,Snowy,58,Casual Outing,0
Dress,Orange,Silk,Winter,Casual,New,-20,Snowy,1,Casual Outing,0
Skirt,Black,Silk,Winter,Casual,Worn,-2,Snowy,1,Casual Outing,0
Skirt,Gray,Silk,Winter,Casual,Used,-9,Snowy,71,Casual Outing,0
Shirt,Yellow,Wool,Winter,Casual,Worn,-5,Snowy,53,Casual Outing,0
Dress,Black,Polyester,Winter,Casual,Used,-1,Snowy,61,Formal Event,0
Skirt,Brown,Polyester,Winter,Casual,Used,-13,Snowy,41,Formal Event,0
Trousers,Gray,Silk,Winter,Casual,Worn,-16,Snowy,7,Formal Event,0
Jacket,Red,Wool,Winter,Casual,Worn,0,Snowy,81,Formal Event,0
Shirt,Brown,Cotton,Spring,Casual,Worn,-6,Snowy,4,Sports Activity,0
Dress,Red,Cotton,Spring,Casual,Used,-9,Snowy,89,Sports Activity,0
Dress,Red,Polyester,Winter,Casual,Worn,-15,Snowy,16,Sports Activity,0
Dress,Green,Silk,Winter,Casual,Worn,-4,Snowy,39,Sports Activity,0
Skirt,Brown,Silk,Winter,Casual,Worn,-17,Snowy,88,Sports Activity,0
Shirt,Purple,Silk,Summer,Casual,Worn,39,Sunny,47,Casual Outing,0
Shirt,Orange,Wool,Summer,Casual,New,38,Sunny,14,Formal Event,0
Shirt,Black,Wool,Summer,Casual,Worn,35,Sunny,68,Formal Event,0
Jacket,Green,Wool,Summer,Casual,Worn,40,Sunny,0,Formal Event,0
Jacket,Brown,Wool,Summer,Casual,Worn,31,Sunny,92,Sports Activity,0
Trousers,White,Wool,Spring,Casual,New,22,Sunny,76,Sports Activity,0
Dress,White,Cotton,Fall,Casual,Used,5,Sunny,74,Casual Outing,0
Skirt,Black,Polyester,Summer,Casual,Worn,37,Sunny,65,Casual Outing,0
Trousers,Black,Polyester,Summer,Casual,New,31,Sunny,67,Casual Outing,0
Shirt,Yellow,Silk,Summer,Casual,Worn,26,Sunny,27,Casual Outing,0
Jacket,Blue,Silk,Summer,Casual,Worn,29,Sunny,33,Casual Outing,0
Skirt,Orange,Silk,Summer,Casual,Used,34,Sunny,98,Casual Outing,0
Trousers,Brown,Wool,Spring,Casual,Used,22,Sunny,58,Casual Outing,0
Dress,Yellow,Wool,Spring,Casual,New,25,Sunny,63,Casual Outing,0
Jacket,Green,Wool,Summer,Casual,New,32,Sunny,76,Casual Outing,0
Skirt,Purple,Wool,Spring,Casual,Worn,23,Sunny,84,Casual Outing,0
Jacket,Green,Wool,Summer,Casual,Worn,35,Sunny,81,Casual Outing,0
Trousers,Black,Cotton,Summer,Casual,Used,32,Sunny,80,Formal Event,0
Trousers,Yellow,Polyester,Spring,Casual,Worn,23,Sunny,60,Formal Event,0
Trousers,Orange,Polyester,Summer,Casual,New,38,Sunny,70,Formal Event,0
Shirt,Purple,Polyester,Summer,Casual,New,32,Sunny,29,Formal Event,0
Dress,Brown,Silk,Summer,Casual,Worn,32,Sunny,27,Formal Event,0
Skirt,Brown,Silk,Summer,Casual,Worn,37,Sunny,53,Formal Event,0
Trousers,Brown,Silk,Spring,Casual,Worn,18,Sunny,13,Formal Event,0
Jacket,Orange,Silk,Summer,Casual,Used,37,Sunny,55,Formal Event,0
Trousers,Orange,Silk,Summer,Casual,New,40,Sunny,5,Formal Event,0
Skirt,White,Silk,Summer,Casual,New,35,Sunny,0,Formal Event,0
Jacket,Brown,Wool,Fall,Casual,Used,2,Sunny,19,Formal Event,0
Shirt,Purple,Wool,Summer,Casual,Used,39,Sunny,89,Formal Event,0
Skirt,Purple,Wool,Spring,Casual,Used,24,Sunny,48,Formal Event,0
Shirt,Orange,Wool,Summer,Casual,Worn,39,Sunny,98,Formal Event,0
Dress,Green,Cotton,Summer,Casual,Used,39,Sunny,69,Sports Activity,0
Dress,White,Cotton,Summer,Casual,Used,39,Sunny,0,Sports Activity,0
Skirt,Green,Cotton,Spring,Casual,New,24,Sunny,92,Sports Activity,0
Jacket,Gray,Cotton,Spring,Casual,New,22,Sunny,76,Sports Activity,0
Skirt,Red,Polyester,Spring,Casual,New,24,Sunny,40,Sports Activity,0
Shirt,Green,Polyester,Summer,Casual,Worn,36,Sunny,43,Sports Activity,0
Jacket,Gray,Polyester,Spring,Casual,Worn,24,Sunny,44,Sports Activity,0
Skirt,Orange,Polyester,Summer,Casual,Worn,28,Sunny,96,Sports Activity,0
Dress,White,Silk,Fall,Casual,New,15,Sunny,44,Sports Activity,0
Trousers,Black,Silk,Summer,Casual,Worn,26,Sunny,56,Sports Activity,0
Jacket,Brown,Silk,Summer,Casual,New,34,Sunny,27,Sports Activity,0
Shirt,White,Wool,Spring,Casual,Worn,16,Sunny,69,Sports Activity,0
Trousers,Yellow,Wool,Fall,Casual,Worn,14,Sunny,77,Sports Activity,0
Jacket,Brown,Wool,Summer,Casual,Worn,33,Sunny,17,Sports Activity,0
Trousers,Brown,Wool,Summer,Casual,Worn,35,Sunny,43,Sports Activity,0
Skirt,Orange,Wool,Summer,Casual,Used,29,Sunny,60,Sports Activity,0
Dress,Green,Wool,Summer,Casual,Worn,38,Sunny,63,Sports Activity,0
Skirt,Yellow,Wool,Summer,Casual,Used,37,Sunny,87,Sports Activity,0
Shirt,Orange,Cotton,Summer,Casual,New,40,Sunny,45,Formal Event,0
Jacket,Purple,Polyester,Summer,Casual,New,28,Sunny,34,Formal Event,0
Jacket,Purple,Silk,Winter,Casual,Worn,-17,Windy,56,Casual Outing,0
Trousers,White,Cotton,Winter,Casual,Used,-1,Windy,99,Formal Event,0
Skirt,Red,Cotton,Winter,Casual,Worn,-10,Windy,59,Sports Activity,0
Shirt,Brown,Silk,Fall,Casual,Used,13,Windy,5,Sports Activity,0
Skirt,Black,Silk,Fall,Casual,New,11,Windy,55,Sports Activity,0
Trousers,Blue,Wool,Winter,Casual,Worn,-11,Windy,51,Formal Event,0
Dress,Yellow,Polyester,Fall,Casual,Worn,6,Windy,63,Casual Outing,0
Skirt,Yellow,Silk,Winter,Casual,Worn,-16,Windy,97,Casual Outing,0
Skirt,Red,Wool,Winter,Casual,Worn,-6,Windy,68,Casual Outing,0
Dress,Orange,Wool,Winter,Casual,Worn,-11,Windy,16,Casual Outing,0
Dress,Orange,Polyester,Winter,Casual,Used,-12,Windy,22,Formal Event,0
Shirt,Orange,Polyester,Fall,Casual,Worn,7,Windy,54,Formal Event,0
Trousers,Black,Silk,Winter,Casual,Worn,-20,Windy,95,Formal Event,0
Trousers,Brown,Wool,Spring,Casual,Worn,16,Windy,73,Formal Event,0
Skirt,Gray,Wool,Fall,Casual,Used,10,Windy,37,Formal Event,0
Shirt,Black,Wool,Winter,Casual,Worn,-2,Windy,94,Formal Event,0
Trousers,Black,Silk,Fall,Casual,Worn,4,Windy,30,Sports Activity,0
Trousers,Red,Silk,Winter,Casual,Worn,-14,Windy,62,Sports Activity,0
Dress,Orange,Wool,Fall,Casual,Worn,10,Windy,17,Sports Activity,0
Skirt,Orange,Cotton,Summer,Casual,New,38,Cloudy,50,Casual Outing,1
Jacket,Gray,Cotton,Winter,casual,Used,4,Cloudy,54,Casual Outing,1
Trousers,Red,Polyester,Winter,Casual,Used,-3,Cloudy,22,Casual Outing,1
Shirt,Purple,Polyester,Winter,Casual,New,-15,Cloudy,57,Casual Outing,1
Jacket,Purple,Silk,Winter,Casual,Worn,-2,Cloudy,65,Casual Outing,1
Dress,Green,Silk,Winter,Casual,Worn,-14,Cloudy,40,Casual Outing,1
Jacket,Blue,Cotton,Summer,Casual,Worn,29,Cloudy,3,Formal Event,1
Dress,Yellow,Cotton,Fall,Casual,New,12,Cloudy,56,Formal Event,1
Trousers,Gray,Polyester,Fall,Casual,New,1,Cloudy,52,Formal Event,1
Shirt,White,Cotton,Spring,Casual,Used,23,Cloudy,15,Sports Activity,1
Jacket,White,Polyester,Winter,Casual,New,-20,Cloudy,28,Sports Activity,1
Trousers,Yellow,Polyester,Fall,Casual,New,9,Cloudy,51,Sports Activity,1
Trousers,Red,Silk,Fall,Casual,New,0,Cloudy,45,Sports Activity,1
Shirt,Red,Wool,Winter,Casual,Used,2,Cloudy,52,Sports Activity,1
Trousers,Blue,Polyester,Fall,Casual,New,1,Rainy,54,Casual Outing,1
Skirt,Purple,Polyester,Fall,Casual,Worn,3,Rainy,48,Casual Outing,1
Trousers,Brown,Silk,Fall,Casual,Used,12,Rainy,9,Casual Outing,1
Jacket,White,Wool,Fall,Casual,Used,7,Rainy,57,Casual Outing,1
Dress,Orange,Polyester,Fall,Casual,New,14,Rainy,5,Formal Event,1
Shirt,Brown,Polyester,Fall,Casual,Used,7,Rainy,29,Formal Event,1
Trousers,Green,Polyester,Fall,Casual,New,4,Rainy,52,Formal Event,1
Skirt,Blue,Polyester,Fall,Casual,New,4,Rainy,17,Formal Event,1
Trousers,Orange,Polyester,Fall,Casual,Used,1,Rainy,98,Formal Event,1
Trousers,Purple,Wool,Fall,Casual,Used,6,Rainy,48,Formal Event,1
Skirt,Orange,Wool,Fall,Casual,New,15,Rainy,37,Formal Event,1
Skirt,Purple,Polyester,Fall,Casual,New,11,Rainy,18,Sports Activity,1
Trousers,Yellow,Wool,Fall,Casual,Worn,1,Rainy,17,Sports Activity,1
Skirt,Purple,Wool,Fall,Casual,Worn,5,Rainy,95,Sports Activity,1
Jacket,Blue,Wool,Fall,Casual,New,15,Rainy,80,Sports Activity,1
Skirt,Brown,Polyester,Spring,Casual,Worn,16,Rainy,2,Casual Outing,1
Dress,Yellow,Wool,Fall,Casual,Worn,4,Rainy,52,Casual Outing,1
Jacket,White,Wool,Spring,Casual,Worn,17,Rainy,84,Casual Outing,1
Dress,Purple,Polyester,Fall,Casual,New,11,Rainy,67,Formal Event,1
Shirt,Brown,Polyester,Spring,Casual,Worn,9,Rainy,46,Sports Activity,1
Shirt,Orange,Polyester,Fall,Casual,New,9,Rainy,53,Sports Activity,1
Skirt,White,Polyester,Winter,Casual,Used,-16,Snowy,82,Formal Event,1
Skirt,Purple,Silk,Winter,Casual,Worn,-4,Snowy,69,Formal Event,1
Shirt,Yellow,Polyester,Winter,Casual,Worn,-3,Snowy,49,Sports Activity,1
Jacket,Orange,Wool,Winter,Casual,Used,-2,Snowy,56,Sports Activity,1
Skirt,Red,Wool,Winter,Casual,New,-3,Snowy,36,Sports Activity,1
Trousers,White,Polyester,Winter,Casual,Used,-1,Snowy,76,Casual Outing,1
Skirt,Orange,Polyester,Winter,Casual,Used,-10,Snowy,5,Casual Outing,1
Shirt,Red,Silk,Winter,Casual,New,0,Snowy,67,Casual Outing,1
Jacket,Brown,Cotton,Winter,Casual,Worn,-12,Snowy,62,Formal Event,1
Trousers,Orange,Polyester,Winter,Casual,New,-18,Snowy,42,Formal Event,1
Jacket,Orange,Polyester,Winter,Casual,New,-19,Snowy,32,Formal Event,1
Shirt,Brown,Polyester,Winter,Casual,Used,-3,Snowy,33,Sports Activity,1
Dress,Red,Wool,Winter,Casual,Worn,-2,Snowy,32,Sports Activity,1
Jacket,Green,Cotton,Fall,Casual,Used,7,Sunny,96,Casual Outing,1
Shirt,Green,Cotton,Spring,Casual,Used,24,Sunny,59,Casual Outing,1
Dress,Gray,Polyester,Spring,Casual,Used,21,Sunny,58,Casual Outing,1
Dress,Blue,Wool,Spring,Casual,Used,25,Sunny,6,Casual Outing,1
Trousers,Gray,Wool,Spring,Casual,New,23,Sunny,68,Casual Outing,1
Dress,Orange,Cotton,Summer,Casual,Worn,35,Sunny,81,Formal Event,1
Dress,Black,Cotton,Spring,Casual,New,22,Sunny,88,Formal Event,1
Dress,Red,Silk,Summer,Casual,New,28,Sunny,45,Formal Event,1
Trousers,Green,Cotton,Spring,Casual,Worn,16,Sunny,41,Casual Outing,1
Jacket,Yellow,Cotton,Summer,Casual,Worn,31,Sunny,67,Casual Outing,1
Skirt,Black,Cotton,Summer,Casual,Worn,32,Sunny,61,Casual Outing,1
Trousers,White,Cotton,Summer,Casual,New,35,Sunny,10,Casual Outing,1
Shirt,Black,Cotton,Fall,Casual,Worn,15,Sunny,52,Casual Outing,1
Shirt,Green,Cotton,Spring,Casual,New,21,Sunny,10,Casual Outing,1
Skirt,Yellow,Cotton,Summer,Casual,Used,26,Sunny,89,Casual Outing,1
Dress,Gray,Cotton,Spring,Casual,Used,21,Sunny,72,Casual Outing,1
Shirt,Green,Polyester,Fall,Casual,Used,5,Sunny,31,Casual Outing,1
Dress,Gray,Polyester,Fall,Casual,Used,9,Sunny,54,Casual Outing,1
Dress,Black,Silk,Fall,Casual,Used,15,Sunny,44,Casual Outing,1
Skirt,Yellow,Silk,Spring,Casual,Used,18,Sunny,5,Casual Outing,1
Shirt,Black,Silk,Fall,Casual,Worn,14,Sunny,15,Casual Outing,1
Shirt,Green,Cotton,Summer,Casual,New,31,Sunny,8,Formal Event,1
Trousers,Orange,Cotton,Summer,Casual,New,27,Sunny,42,Formal Event,1
Shirt,White,Polyester,Fall,Casual,New,12,Sunny,34,Formal Event,1
Skirt,Brown,Polyester,Fall,Casual,Used,12,Sunny,50,Formal Event,1
Dress,Orange,Wool,Fall,Casual,Worn,5,Sunny,72,Formal Event,1
Shirt,Red,Wool,Fall,Casual,New,15,Sunny,49,Formal Event,1
Trousers,White,Cotton,Summer,Casual,Used,37,Sunny,78,Sports Activity,1
Skirt,Green,Cotton,Summer,Casual,Worn,40,Sunny,81,Sports Activity,1
Trousers,Blue,Wool,Fall,Casual,Worn,7,Sunny,28,Sports Activity,1
Shirt,Purple,Silk,Winter,Casual,New,-6,Windy,58,Casual Outing,1
Shirt,Gray,Silk,Spring,Casual,New,18,Windy,70,Formal Event,1
Dress,Purple,Wool,Fall,Casual,Used,9,Windy,10,Formal Event,1
Dress,Orange,Cotton,Winter,Casual,New,-3,Windy,23,Casual Outing,1
Shirt,Black,Cotton,Winter,Casual,New,-20,Windy,42,Casual Outing,1
Shirt,Orange,Cotton,Fall,Casual,Used,4,Windy,71,Casual Outing,1
Skirt,Yellow,Polyester,Fall,Casual,Used,13,Windy,1,Casual Outing,1
Dress,Gray,Polyester,Fall,Casual,Used,5,Windy,78,Casual Outing,1
Trousers,Gray,Silk,Fall,Casual,Used,2,Windy,88,Casual Outing,1
Skirt,Green,Silk,Winter,Casual,Used,-14,Windy,29,Casual Outing,1
Jacket,Brown,Silk,Fall,Casual,Used,2,Windy,38,Casual Outing,1
Dress,Red,Cotton,Winter,Casual,New,-7,Windy,81,Formal Event,1
Shirt,White,Cotton,Winter,Casual,New,-16,Windy,36,Formal Event,1
Shirt,Yellow,Cotton,Fall,Casual,New,14,Windy,58,Formal Event,1
Shirt,Brown,Polyester,Winter,Casual,Used,-13,Windy,90,Formal Event,1
Trousers,Red,Silk,Fall,Casual,New,8,Windy,16,Formal Event,1
Skirt,Red,Wool,Spring,Casual,Used,16,Windy,14,Formal Event,1
Shirt,Blue,Cotton,Winter,Casual,Used,-8,Windy,97,Sports Activity,1
Shirt,Yellow,Cotton,Winter,Casual,Worn,-13,Windy,39,Sports Activity,1
Trousers,Purple,Polyester,Winter,Casual,Worn,0,Windy,99,Sports Activity,1
Skirt,Red,Polyester,Spring,Casual,New,16,Windy,35,Sports Activity,1
Jacket,Orange,Silk,Fall,Casual,Worn,12,Windy,39,Sports Activity,1
Shirt,Orange,Silk,Winter,Casual,Used,-6,Windy,78,Sports Activity,1
Shirt,Yellow,Silk,Winter,Casual,New,-1,Windy,20,Sports Activity,1
Shirt,Yellow,Silk,Fall,Casual,Used,12,Windy,73,Sports Activity,1
Trousers,Blue,Wool,Winter,Casual,Used,-16,Windy,66,Sports Activity,1
Trousers,Brown,Wool,Fall,Casual,Used,6,Windy,32,Sports Activity,1
Trousers,Blue,Wool,Winter,Casual,New,-16,Windy,15,Sports Activity,1
Jacket,Purple,Wool,Winter,Casual,Worn,-19,Windy,81,Sports Activity,1
Jacket,Purple,Polyester,Winter,Casual,Used,-15,Cloudy,54,Sports Activity,0
Shirt,Black,Silk,Winter,Casual,Worn,-20,Cloudy,21,Sports Activity,0
Jacket,Yellow,Silk,Winter,Casual,Used,-7,Cloudy,43,Sports Activity,0
Shirt,Orange,Wool,Fall,Casual,Worn,6,Sunny,85,Formal Event,0
Skirt,Blue,Cotton,Summer,Casual,New,26,Sunny,69,Sports Activity,0
Trousers,Orange,Cotton,Summer,Casual,Used,35,Sunny,1,Sports Activity,1
Dress,Green,Cotton,Spring,Casual,New,22,Sunny,39,Sports Activity,0
Shirt,Yellow,Cotton,Spring,Casual,New,22,Sunny,13,Sports Activity,0
Jacket,White,Polyester,Fall,Casual,Worn,10,Sunny,43,Sports Activity,1
Trousers,Yellow,Cotton,Winter,Formal,Used,0,Cloudy,78,Sports Activity,0
Skirt,Red,Cotton,Spring,Formal,New,21,Cloudy,49,Sports Activity,0
Dress,Purple,Cotton,Winter,Formal,Used,-1,Cloudy,17,Sports Activity,0
Trousers,White,Polyester,Winter,Formal,Worn,-16,Cloudy,61,Sports Activity,0
Trousers,Purple,Polyester,Winter,Formal,New,-2,Cloudy,92,Sports Activity,0
Skirt,Orange,Polyester,Summer,Formal,Worn,27,Cloudy,16,Sports Activity,0
Dress,Orange,Polyester,Fall,Formal,New,9,Cloudy,1,Sports Activity,0
Shirt,Red,Polyester,Summer,Formal,Used,30,Cloudy,77,Sports Activity,0
Shirt,Gray,Polyester,Winter,Formal,Worn,-14,Cloudy,28,Sports Activity,0
Dress,Orange,Silk,Winter,Formal,Worn,0,Cloudy,96,Sports Activity,0
Jacket,Purple,Silk,Fall,Formal,Worn,6,Cloudy,3,Sports Activity,0
Skirt,Gray,Wool,Winter,Formal,Used,-12,Cloudy,37,Sports Activity,0
Skirt,Green,Wool,Summer,Formal,Worn,30,Cloudy,41,Sports Activity,0
Dress,Black,Cotton,Fall,Formal,New,3,Cloudy,56,Casual Outing,0
Skirt,Red,Cotton,Winter,Formal,Used,-6,Cloudy,66,Casual Outing,0
Dress,Red,Polyester,Summer,Formal,Worn,37,Cloudy,70,Casual Outing,0
Shirt,Green,Polyester,Winter,Formal,Used,-18,Cloudy,36,Casual Outing,0
Trousers,Orange,Polyester,Winter,Formal,New,-11,Cloudy,98,Casual Outing,0
Dress,Red,Wool,Winter,Formal,Used,-4,Cloudy,29,Casual Outing,0
Shirt,Gray,Wool,Summer,Formal,Used,22,Cloudy,87,Casual Outing,0
Trousers,Red,Cotton,Summer,Formal,New,-12,Cloudy,2,Formal Event,0
Shirt,Black,Cotton,Summer,Formal,Used,-9,Cloudy,18,Formal Event,0
Dress,Black,Polyester,Winter,Formal,Used,31,Cloudy,30,Formal Event,0
Shirt,White,Polyester,Fall,Formal,Worn,33,Cloudy,79,Formal Event,0
Skirt,Red,Polyester,Summer,Formal,Used,38,Cloudy,10,Formal Event,0
Shirt,Gray,Silk,Summer,Formal,New,28,Cloudy,4,Formal Event,0
Jacket,Gray,Wool,Spring,Formal,Used,17,Cloudy,24,Formal Event,0
Jacket,Yellow,Cotton,Fall,Formal,Worn,5,Rainy,82,Casual Outing,0
Skirt,Blue,Cotton,Summer,Formal,Used,33,Rainy,57,Casual Outing,0
Jacket,Orange,Silk,Fall,Formal,Worn,14,Rainy,54,Casual Outing,0
Shirt,Red,Cotton,Fall,Formal,Worn,4,Rainy,56,Sports Activity,0
Dress,Blue,Polyester,Fall,Formal,Used,3,Rainy,99,Sports Activity,0
Skirt,Blue,Polyester,Fall,Formal,Used,6,Rainy,70,Sports Activity,0
Skirt,Blue,Polyester,Fall,Formal,Worn,3,Rainy,59,Sports Activity,0
Skirt,Orange,Polyester,Fall,Formal,New,3,Rainy,64,Sports Activity,0
Trousers,Blue,Polyester,Fall,Formal,New,14,Rainy,55,Sports Activity,0
Shirt,Green,Silk,Fall,Formal,New,12,Rainy,85,Sports Activity,0
Skirt,Yellow,Silk,Spring,Formal,Worn,17,Rainy,36,Sports Activity,0
Trousers,Blue,Silk,Fall,Formal,Worn,10,Rainy,93,Sports Activity,0
Dress,Red,Silk,Spring,Formal,Used,12,Rainy,77,Sports Activity,0
Trousers,Red,Silk,Spring,Formal,Worn,10,Rainy,72,Sports Activity,0
Dress,Red,Wool,Fall,Formal,New,15,Rainy,92,Sports Activity,0
Jacket,Red,Wool,Spring,Formal,New,17,Rainy,38,Sports Activity,0
Jacket,Orange,Wool,Fall,Formal,Worn,1,Rainy,17,Sports Activity,0
Skirt,Gray,Wool,Spring,Formal,Worn,10,Rainy,73,Sports Activity,0
Dress,Yellow,Wool,Winter,Formal,Used,33,Rainy,56,Casual Outing,0
Shirt,Red,Wool,Spring,Formal,New,19,Rainy,76,Casual Outing,0
Trousers,White,Wool,Spring,Formal,Worn,16,Rainy,77,Casual Outing,0
Jacket,Green,Silk,Fall,Formal,New,3,Rainy,43,Formal Event,0
Dress,White,Silk,Spring,Formal,Used,19,Rainy,89,Formal Event,0
Skirt,Orange,Polyester,Fall,Formal,Worn,8,Rainy,41,Formal Event,0
Dress,Blue,Silk,Winter,Formal,New,-19,Snowy,31,Casual Outing,0
Trousers,White,Cotton,Winter,Formal,Used,-2,Snowy,1,Formal Event,0
Skirt,Blue,Cotton,Winter,Formal,New,-16,Snowy,89,Formal Event,0
Trousers,Purple,Cotton,Winter,Formal,New,-13,Snowy,63,Sports Activity,0
Trousers,Gray,Cotton,Winter,Formal,Used,-19,Snowy,25,Sports Activity,0
Jacket,Purple,Polyester,Winter,Formal,New,-16,Snowy,25,Sports Activity,0
Skirt,Gray,Silk,Winter,Formal,New,-6,Snowy,19,Sports Activity,0
Skirt,White,Silk,Winter,Formal,Used,-5,Snowy,63,Sports Activity,0
Skirt,Gray,Wool,Winter,Formal,Worn,-20,Snowy,81,Sports Activity,0
Skirt,Black,Wool,Winter,Formal,Worn,-14,Snowy,32,Sports Activity,0
Skirt,Gray,Wool,Winter,Formal,Worn,-18,Snowy,61,Sports Activity,0
Skirt,Black,Wool,Winter,Formal,Worn,-10,Snowy,60,Sports Activity,0
Skirt,Black,Cotton,Spring,Formal,Worn,-15,Snowy,78,Casual Outing,0
Skirt,Black,Polyester,Winter,Formal,New,-20,Snowy,18,Casual Outing,0
Skirt,Gray,Silk,Winter,Formal,New,-9,Snowy,67,Formal Event,0
Skirt,White,Polyester,Summer,Formal,New,33,Sunny,84,Casual Outing,0
Trousers,White,Polyester,Summer,Formal,New,39,Sunny,17,Casual Outing,0
Skirt,Brown,Cotton,Fall,Formal,Used,15,Sunny,30,Formal Event,0
Dress,Red,Polyester,Summer,Formal,Used,29,Sunny,35,Formal Event,0
Shirt,Brown,Polyester,Spring,Formal,New,25,Sunny,90,Formal Event,0
Trousers,Orange,Cotton,Summer,Formal,New,35,Sunny,94,Sports Activity,0
Dress,Red,Cotton,Summer,Formal,New,38,Sunny,55,Sports Activity,0
Skirt,Purple,Cotton,Spring,Formal,Used,19,Sunny,73,Sports Activity,0
Skirt,Gray,Cotton,Summer,Formal,New,39,Sunny,68,Sports Activity,0
Dress,Gray,Cotton,Summer,Formal,Worn,37,Sunny,38,Sports Activity,0
Shirt,White,Cotton,Summer,Formal,New,35,Sunny,66,Sports Activity,0
Dress,Gray,Cotton,Spring,Formal,New,19,Sunny,36,Sports Activity,0
Jacket,Purple,Polyester,Spring,Formal,Worn,16,Sunny,88,Sports Activity,0
Shirt,White,Polyester,Summer,Formal,New,37,Sunny,35,Sports Activity,0
Jacket,White,Polyester,Spring,Formal,New,22,Sunny,77,Sports Activity,0
Jacket,Yellow,Polyester,Summer,Formal,New,30,Sunny,99,Sports Activity,0
Dress,Yellow,Polyester,Spring,Formal,New,21,Sunny,0,Sports Activity,0
Skirt,Purple,Polyester,Summer,Formal,New,35,Sunny,60,Sports Activity,0
Skirt,Black,Polyester,Summer,Formal,Worn,34,Sunny,65,Sports Activity,0
Trousers,Orange,Polyester,Spring,Formal,Used,24,Sunny,30,Sports Activity,0
Dress,Yellow,Polyester,Spring,Formal,Worn,21,Sunny,73,Sports Activity,0
Skirt,Green,Polyester,Summer,Formal,Used,32,Sunny,49,Sports Activity,0
Skirt,Brown,Polyester,Spring,Formal,Worn,24,Sunny,42,Sports Activity,0
Trousers,Green,Polyester,Summer,Formal,New,37,Sunny,40,Sports Activity,0
Jacket,Yellow,Polyester,Summer,Formal,New,28,Sunny,84,Sports Activity,0
Jacket,Brown,Polyester,Spring,Formal,Worn,19,Sunny,90,Sports Activity,0
Dress,Orange,Silk,Spring,Formal,New,21,Sunny,27,Sports Activity,0
Jacket,Brown,Silk,Summer,Formal,Used,29,Sunny,99,Sports Activity,0
Jacket,Orange,Silk,Spring,Formal,Used,23,Sunny,47,Sports Activity,0
Trousers,Red,Silk,Spring,Formal,Worn,24,Sunny,57,Sports Activity,0
Jacket,Brown,Silk,Summer,Formal,Used,26,Sunny,33,Sports Activity,0
Dress,Brown,Silk,Spring,Formal,New,20,Sunny,79,Sports Activity,0
Dress,Orange,Wool,Summer,Formal,Worn,38,Sunny,38,Sports Activity,0
Skirt,Gray,Wool,Spring,Formal,New,23,Sunny,50,Sports Activity,0
Trousers,White,Wool,Summer,Formal,Used,39,Sunny,25,Sports Activity,0
Dress,Purple,Wool,Summer,Formal,Used,26,Sunny,6,Sports Activity,0
Skirt,Yellow,Wool,Fall,Formal,New,5,Sunny,57,Sports Activity,0
Dress,Purple,Wool,Spring,Formal,New,24,Sunny,54,Sports Activity,0
Trousers,Gray,Wool,Summer,Formal,Used,33,Sunny,7,Sports Activity,0
Shirt,Blue,Cotton,Summer,Formal,New,31,Sunny,50,Casual Outing,0
Dress,Black,Cotton,Summer,Formal,New,37,Sunny,25,Casual Outing,0
Skirt,Blue,Polyester,Summer,Formal,Worn,27,Sunny,67,Casual Outing,0
Jacket,Gray,Polyester,Spring,Formal,Worn,25,Sunny,3,Casual Outing,0
Shirt,Black,Polyester,Spring,Formal,New,19,Sunny,90,Casual Outing,0
Jacket,Black,Polyester,Summer,Formal,Worn,29,Sunny,47,Casual Outing,0
Dress,Black,Polyester,Summer,Formal,Used,29,Sunny,99,Casual Outing,0
Jacket,Green,Silk,Spring,Formal,Worn,23,Sunny,19,Casual Outing,0
Shirt,Orange,Silk,Summer,Formal,Used,27,Sunny,83,Casual Outing,0
Dress,White,Silk,Summer,Formal,Worn,29,Sunny,5,Casual Outing,0
Shirt,Brown,Wool,Summer,Formal,New,26,Sunny,55,Casual Outing,0
Shirt,Gray,Wool,Summer,Formal,Worn,35,Sunny,50,Casual Outing,0
Trousers,Brown,Wool,Summer,Formal,Worn,27,Sunny,52,Casual Outing,0
Jacket,Yellow,Cotton,Fall,Formal,New,13,Sunny,37,Formal Event,0
Jacket,Black,Polyester,Summer,Formal,Worn,26,Sunny,43,Formal Event,0
Shirt,Blue,Polyester,Summer,Formal,Worn,38,Sunny,96,Formal Event,0
Trousers,Yellow,Polyester,Summer,Formal,Used,34,Sunny,14,Formal Event,0
Jacket,Red,Polyester,Summer,Formal,Used,29,Sunny,91,Formal Event,0
Dress,Gray,Polyester,Summer,Formal,Worn,30,Sunny,48,Formal Event,0
Shirt,Brown,Polyester,Summer,Formal,Used,34,Sunny,88,Formal Event,0
Skirt,Green,Polyester,Summer,Formal,Used,40,Sunny,66,Formal Event,0
Skirt,Red,Polyester,Fall,Formal,Used,5,Sunny,25,Formal Event,0
Jacket,Black,Silk,Summer,Formal,Used,36,Sunny,17,Formal Event,0
Shirt,Brown,Silk,Spring,Formal,Used,24,Sunny,4,Formal Event,0
Shirt,Gray,Silk,Summer,Formal,New,30,Sunny,92,Formal Event,0
Jacket,Black,Silk,Spring,Formal,Used,23,Sunny,44,Formal Event,0
Skirt,Gray,Wool,Summer,Formal,New,36,Sunny,87,Formal Event,0
Skirt,Blue,Wool,Summer,Formal,Worn,29,Sunny,68,Formal Event,0
Skirt,Red,Wool,Summer,Formal,Worn,32,Sunny,73,Formal Event,0
Shirt,Purple,Wool,Summer,Formal,Used,35,Sunny,54,Formal Event,0
Shirt,Brown,Wool,Summer,Formal,New,39,Sunny,49,Formal Event,0
Skirt,Purple,Silk,Winter,Formal,New,-10,Windy,88,Casual Outing,0
Shirt,Green,Cotton,Winter,Formal,Used,-7,Windy,33,Formal Event,0
Skirt,Green,Cotton,Winter,Formal,New,-3,Windy,57,Formal Event,0
Trousers,Gray,Silk,Winter,Formal,New,-4,Windy,11,Formal Event,0
Trousers,Red,Cotton,Winter,Formal,New,-3,Windy,83,Sports Activity,0
Skirt,Blue,Cotton,Winter,Formal,Worn,-13,Windy,84,Sports Activity,0
Skirt,Brown,Cotton,Spring,Formal,Used,17,Windy,89,Sports Activity,0
Jacket,Purple,Cotton,Winter,Formal,Used,-15,Windy,20,Sports Activity,0
Jacket,Gray,Cotton,Fall,Formal,New,8,Windy,22,Sports Activity,0
Shirt,Black,Polyester,Winter,Formal,Worn,-10,Windy,38,Sports Activity,0
Trousers,Red,Polyester,Spring,Formal,Worn,19,Windy,59,Sports Activity,0
Jacket,Gray,Silk,Fall,Formal,New,2,Windy,51,Sports Activity,0
Skirt,Orange,Silk,Winter,Formal,Worn,-20,Windy,27,Sports Activity,0
Dress,Orange,Silk,Fall,Formal,New,3,Windy,20,Sports Activity,0
Skirt,Yellow,Silk,Winter,Formal,New,-10,Windy,82,Sports Activity,0
Shirt,Purple,Silk,Fall,Formal,Worn,7,Windy,92,Sports Activity,0
Shirt,Blue,Silk,Winter,Formal,Worn,-16,Windy,29,Sports Activity,0
Skirt,Yellow,Wool,Fall,Formal,Used,6,Windy,12,Sports Activity,0
Dress,Yellow,Wool,Fall,Formal,Used,4,Windy,30,Sports Activity,0
Jacket,Blue,Wool,Winter,Formal,Worn,-16,Windy,38,Sports Activity,0
Jacket,Purple,Cotton,Winter,Formal,Worn,-11,Windy,98,Casual Outing,0
Jacket,Red,Cotton,Winter,Formal,Used,0,Windy,60,Casual Outing,0
Skirt,White,Cotton,Winter,Formal,Used,-2,Windy,19,Casual Outing,0
Dress,Black,Cotton,Winter,Formal,Worn,-13,Windy,82,Casual Outing,0
Trousers,Yellow,Cotton,Winter,Formal,New,-14,Windy,0,Casual Outing,0
Trousers,Black,Silk,Fall,Formal,Worn,6,Windy,97,Casual Outing,0
Shirt,Blue,Wool,Winter,Formal,Worn,-5,Windy,38,Casual Outing,0
Dress,Black,Cotton,Winter,Formal,Used,-8,Windy,51,Formal Event,0
Trousers,Purple,Cotton,Winter,Formal,Used,-5,Windy,76,Formal Event,0
Shirt,Blue,Cotton,Fall,Formal,Worn,11,Windy,1,Formal Event,0
Dress,Gray,Cotton,Fall,Formal,Worn,5,Windy,17,Formal Event,0
Shirt,Orange,Polyester,Fall,Formal,Worn,1,Windy,28,Formal Event,0
Trousers,Blue,Silk,Spring,Formal,New,19,Windy,2,Formal Event,0
Dress,Yellow,Silk,Winter,Formal,Worn,-12,Windy,100,Formal Event,0
Jacket,White,Silk,Winter,Formal,Worn,-1,Windy,65,Formal Event,0
Jacket,White,Silk,Winter,Formal,Worn,-2,Windy,81,Formal Event,0
Skirt,Gray,Silk,Winter,Formal,Used,-1,Windy,7,Formal Event,0
Skirt,White,Silk,Fall,Formal,Used,12,Windy,15,Formal Event,0
Trousers,Orange,Silk,Spring,Formal,Worn,16,Windy,43,Formal Event,0
Trousers,Brown,Wool,Spring,Formal,Worn,20,Windy,32,Formal Event,0
Shirt,Orange,Cotton,Summer,Formal,New,39,Cloudy,86,Casual Outing,1
Shirt,Blue,Cotton,Summer,Formal,New,31,Cloudy,25,Casual Outing,1
Skirt,Orange,Cotton,Summer,Formal,New,40,Cloudy,18,Casual Outing,1
Jacket,Green,Cotton,Spring,Formal,Used,19,Cloudy,54,Casual Outing,1
Jacket,Red,Cotton,Spring,Formal,Worn,17,Cloudy,71,Casual Outing,1
Jacket,Red,Polyester,Winter,Formal,Worn,-20,Cloudy,18,Casual Outing,1
Trousers,Gray,Polyester,Winter,Formal,Used,-9,Cloudy,72,Casual Outing,1
Trousers,Gray,Polyester,Fall,Formal,Worn,9,Cloudy,35,Casual Outing,1
Jacket,Gray,Silk,Winter,Formal,Worn,0,Cloudy,84,Casual Outing,1
Trousers,Red,Wool,Winter,Formal,Worn,-15,Cloudy,35,Casual Outing,1
Shirt,Brown,Wool,Winter,Formal,Used,-11,Cloudy,34,Casual Outing,1
Skirt,Red,Cotton,Spring,Formal,New,24,Cloudy,20,Formal Event,1
Shirt,Gray,Polyester,Winter,Formal,New,-16,Cloudy,54,Formal Event,1
Jacket,Purple,Polyester,Winter,Formal,New,-10,Cloudy,68,Formal Event,1
Jacket,Blue,Silk,Winter,Formal,New,-1,Cloudy,47,Formal Event,1
Shirt,Green,Wool,Winter,Formal,Worn,-2,Cloudy,18,Formal Event,1
Dress,Yellow,Polyester,Fall,Formal,Worn,11,Rainy,2,Casual Outing,1
Trousers,Blue,Polyester,Fall,Formal,Used,10,Rainy,97,Casual Outing,1
Trousers,Black,Polyester,Fall,Formal,Worn,13,Rainy,12,Casual Outing,1
Skirt,Brown,Silk,Spring,Formal,Used,18,Rainy,84,Casual Outing,1
Skirt,White,Silk,Fall,Formal,Used,11,Rainy,82,Casual Outing,1
Skirt,Orange,Silk,Spring,Formal,Worn,19,Rainy,97,Casual Outing,1
Dress,Blue,Wool,Fall,Formal,Used,4,Rainy,47,Casual Outing,1
Jacket,Purple,Polyester,Fall,Formal,New,10,Rainy,84,Formal Event,1
Trousers,Gray,Polyester,Fall,Formal,Used,12,Rainy,71,Formal Event,1
Dress,White,Polyester,Spring,Formal,Worn,16,Rainy,15,Formal Event,1
Trousers,Black,Silk,Spring,Formal,New,16,Rainy,51,Formal Event,1
Dress,Brown,Wool,Fall,Formal,Used,15,Rainy,64,Formal Event,1
Trousers,Brown,Wool,Spring,Formal,New,12,Rainy,89,Casual Outing,1
Shirt,Purple,Wool,Fall,Formal,New,19,Rainy,83,Formal Event,1
Trousers,Red,Wool,Winter,Formal,Worn,-13,Snowy,70,Casual Outing,1
Dress,Yellow,Polyester,Winter,Formal,Used,-3,Snowy,51,Formal Event,1
Dress,Orange,Silk,Winter,Formal,Used,-5,Snowy,68,Formal Event,1
Shirt,Orange,Polyester,Winter,Formal,Worn,-19,Snowy,15,Casual Outing,1
Trousers,Black,Silk,Winter,Formal,Worn,-20,Snowy,23,Formal Event,1
Skirt,Red,Cotton,Spring,Formal,New,23,Sunny,11,Casual Outing,1
Dress,Red,Wool,Spring,Formal,Used,22,Sunny,62,Casual Outing,1
Skirt,Yellow,Wool,Spring,Formal,New,17,Sunny,74,Formal Event,1
Shirt,Green,Wool,Spring,Formal,Worn,25,Sunny,3,Formal Event,1
Skirt,Yellow,Cotton,Summer,Formal,Worn,34,Sunny,20,Casual Outing,1
Skirt,Yellow,Cotton,Summer,Formal,Used,27,Sunny,67,Casual Outing,1
Trousers,Yellow,Cotton,Summer,Formal,Used,26,Sunny,21,Casual Outing,1
Trousers,Red,Cotton,Summer,Formal,Used,29,Sunny,64,Casual Outing,1
Dress,White,Cotton,Summer,Formal,Worn,32,Sunny,30,Casual Outing,1
Skirt,Green,Polyester,Fall,Formal,New,9,Sunny,94,Casual Outing,1
Jacket,Yellow,Silk,Fall,Formal,Worn,1,Sunny,22,Casual Outing,1
Dress,Gray,Cotton,Summer,Formal,Used,28,Sunny,14,Formal Event,1
Dress,Brown,Cotton,Summer,Formal,New,37,Sunny,3,Formal Event,1
Shirt,Red,Cotton,Summer,Formal,New,37,Sunny,54,Formal Event,1
Shirt,Purple,Cotton,Spring,Formal,New,23,Sunny,18,Formal Event,1
Trousers,Purple,Silk,Spring,Formal,New,24,Sunny,27,Formal Event,1
Dress,White,Silk,Fall,Formal,Used,4,Sunny,83,Formal Event,1
Dress,White,Cotton,Winter,Formal,Used,-14,Windy,73,Casual Outing,1
Trousers,Green,Silk,Fall,Formal,Used,11,Windy,28,Casual Outing,1
Skirt,Yellow,Silk,Fall,Formal,Used,10,Windy,27,Casual Outing,1
Skirt,Gray,Polyester,Winter,Formal,Used,-8,Windy,13,Formal Event,1
Shirt,Green,Wool,Spring,Formal,New,17,Windy,94,Formal Event,1
Dress,Green,Cotton,Winter,Formal,New,-14,Windy,11,Casual Outing,1
Skirt,Yellow,Polyester,Winter,Formal,Used,-18,Windy,56,Casual Outing,1
Dress,Green,Polyester,Fall,Formal,Used,11,Windy,79,Casual Outing,1
Jacket,Blue,Polyester,Winter,Formal,New,-4,Windy,94,Casual Outing,1
Trousers,Brown,Silk,Fall,Formal,New,14,Windy,85,Casual Outing,1
Dress,Purple,Silk,Winter,Formal,New,-18,Windy,33,Casual Outing,1
Shirt,Yellow,Silk,Winter,Formal,Used,-9,Windy,27,Casual Outing,1
Trousers,Yellow,Silk,Winter,Formal,Used,-6,Windy,80,Casual Outing,1
Jacket,White,Wool,Winter,Formal,New,-20,Windy,11,Casual Outing,1
Shirt,Brown,Wool,Winter,Formal,Used,-5,Windy,68,Casual Outing,1
Trousers,Blue,Wool,Winter,Formal,Worn,-5,Windy,33,Casual Outing,1
Skirt,Brown,Cotton,Fall,Formal,New,7,Windy,11,Formal Event,1
Dress,Yellow,Polyester,Winter,Formal,New,-19,Windy,54,Formal Event,1
Dress,Gray,Polyester,Fall,Formal,Used,14,Windy,39,Formal Event,1
Shirt,Black,Polyester,Winter,Formal,New,-7,Windy,58,Formal Event,1
Dress,Gray,Silk,Fall,Formal,Used,9,Windy,64,Formal Event,1
Dress,Red,Wool,Winter,Formal,Worn,-15,Snowy,26,Casual Outing,0
Dress,Red,Cotton,Winter,Formal,Worn,-11,Snowy,51,Formal Event,0
Jacket,Brown,Wool,Winter,Formal,Worn,-1,Snowy,37,Formal Event,0
Dress,Green,Wool,Winter,Formal,New,-4,Snowy,42,Formal Event,1
Jacket,Orange,Wool,Winter,Formal,New,-2,Snowy,98,Formal Event,1
Shirt,Black,Cotton,Spring,Vintage,New,-15,Cloudy,74,Casual Outing,0
Skirt,Orange,Cotton,Spring,Vintage,Worn,-6,Cloudy,55,Casual Outing,0
Dress,Orange,Fall,Winter,Vintage,New,-16,Cloudy,86,Casual Outing,0
Jacket,White,Polyester,Fall,Vintage,Used,40,Cloudy,82,Casual Outing,0
Skirt,Orange,Silk,Fall,Vintage,Worn,36,Cloudy,86,Casual Outing,0
Dress,Blue,Silk,Winter,Vintage,Worn,-19,Cloudy,28,Casual Outing,0
Dress,Gray,Wool,Winter,Vintage,Used,-18,Cloudy,78,Casual Outing,0
Skirt,Purple,Wool,Fall,Vintage,Worn,31,Cloudy,45,Casual Outing,0
Shirt,Yellow,Cotton,Spring,Vintage,New,-2,Cloudy,90,Formal Event,0
Dress,Yellow,Cotton,Summer,Vintage,Used,-12,Cloudy,28,Formal Event,0
Trousers,Blue,Cotton,Summer,Vintage,Used,30,Cloudy,76,Formal Event,0
Shirt,Green,Cotton,Fall,Vintage,Worn,3,Cloudy,78,Formal Event,0
Jacket,Black,Cotton,Fall,Vintage,Used,15,Cloudy,62,Formal Event,0
Jacket,Purple,Cotton,Fall,Vintage,Used,3,Cloudy,62,Formal Event,0
Skirt,Red,Cotton,Spring,Vintage,Worn,15,Cloudy,67,Formal Event,0
Skirt,Red,Cotton,Fall,Vintage,New,0,Cloudy,74,Formal Event,0
Jacket,Purple,Silk,Winter,Vintage,Used,-6,Cloudy,63,Formal Event,0
Shirt,Green,Wool,Winter,Vintage,Worn,-6,Cloudy,81,Formal Event,0
Jacket,Orange,Wool,Fall,Vintage,New,29,Cloudy,43,Formal Event,0
Dress,Orange,Cotton,Winter,Vintage,Used,-17,Cloudy,74,Sports Activity,0
Shirt,White,Cotton,Fall,Vintage,Used,8,Cloudy,22,Sports Activity,0
Jacket,Gray,Cotton,Spring,Vintage,Worn,24,Cloudy,51,Sports Activity,0
Skirt,Red,Cotton,Summer,Vintage,Used,31,Cloudy,6,Sports Activity,0
Jacket,Blue,Cotton,Fall,Vintage,Worn,10,Cloudy,63,Sports Activity,0
Skirt,Brown,Cotton,Winter,Vintage,Worn,-4,Cloudy,52,Sports Activity,0
Shirt,Green,Polyester,Winter,Vintage,Used,-9,Cloudy,56,Sports Activity,0
Shirt,Green,Polyester,Summer,Vintage,Worn,30,Cloudy,80,Sports Activity,0
Dress,Yellow,Polyester,Summer,Vintage,Worn,38,Cloudy,58,Sports Activity,0
Dress,Blue,Polyester,Fall,Vintage,New,1,Cloudy,56,Sports Activity,0
Skirt,Gray,Polyester,Fall,Vintage,Worn,3,Cloudy,47,Sports Activity,0
Shirt,Black,Silk,Winter,Vintage,New,-1,Cloudy,2,Sports Activity,0
Shirt,Yellow,Silk,Summer,Vintage,New,28,Cloudy,85,Sports Activity,0
Trousers,Gray,Silk,Fall,Vintage,Worn,14,Cloudy,57,Sports Activity,0
Skirt,Brown,Wool,Winter,Vintage,Used,-11,Cloudy,37,Sports Activity,0
Trousers,Black,Wool,Winter,Vintage,New,-19,Cloudy,64,Sports Activity,0
Jacket,Brown,Wool,Fall,Vintage,Worn,7,Cloudy,2,Sports Activity,0
Skirt,Green,Wool,Spring,Vintage,Worn,18,Cloudy,65,Sports Activity,0
Shirt,Gray,Cotton,Fall,Vintage,Worn,13,Rainy,75,Casual Outing,0
Shirt,Red,Cotton,Spring,Vintage,Worn,20,Rainy,60,Casual Outing,0
Jacket,Green,Cotton,Fall,Vintage,New,2,Rainy,49,Formal Event,0
Dress,Purple,Cotton,Spring,Vintage,Worn,17,Rainy,12,Formal Event,0
Trousers,White,Cotton,Summer,Vintage,Worn,28,Rainy,86,Formal Event,0
Trousers,Red,Polyester,Fall,Vintage,Used,12,Rainy,87,Formal Event,0
Trousers,Blue,Cotton,Fall,Vintage,New,14,Rainy,56,Sports Activity,0
Dress,White,Cotton,Summer,Vintage,Used,29,Rainy,62,Sports Activity,0
Skirt,Orange,Polyester,Spring,Vintage,Used,18,Rainy,41,Sports Activity,0
Dress,Blue,Silk,Fall,Vintage,New,4,Rainy,91,Sports Activity,0
Trousers,Brown,Silk,Fall,Vintage,New,10,Rainy,51,Sports Activity,0
Jacket,Orange,Wool,Spring,Vintage,New,19,Rainy,85,Sports Activity,0
Trousers,Brown,Wool,Fall,Vintage,New,10,Rainy,13,Sports Activity,0
Jacket,Brown,Wool,Spring,Vintage,Used,16,Rainy,92,Sports Activity,0
Shirt,Brown,Wool,Fall,Vintage,New,6,Rainy,64,Sports Activity,0
Jacket,Black,Wool,Fall,Vintage,Used,7,Rainy,70,Sports Activity,0
Dress,Gray,Polyester,Fall,Vintage,Used,1,Rainy,84,Casual Outing,0
Dress,Red,Silk,Fall,Vintage,Used,5,Rainy,92,Sports Activity,0
Jacket,Blue,Silk,Fall,Vintage,Worn,10,Rainy,75,Sports Activity,0
Dress,White,Silk,Summer,Vintage,Used,22,Rainy,88,Sports Activity,0
Dress,White,Wool,Fall,Vintage,Worn,1,Rainy,82,Formal Event,0
Dress,Yellow,Cotton,Winter,Vintage,Used,-14,Snowy,11,Formal Event,0
Dress,Purple,Polyester,Winter,Vintage,New,-19,Snowy,100,Sports Activity,0
Skirt,Brown,Polyester,Winter,Vintage,Used,-16,Snowy,93,Sports Activity,0
Skirt,Brown,Silk,Winter,Vintage,Worn,-2,Snowy,16,Sports Activity,0
Jacket,Purple,Cotton,Winter,Vintage,Used,-17,Snowy,95,Sports Activity,0
Shirt,Yellow,Polyester,Winter,Vintage,Worn,-18,Snowy,9,Sports Activity,0
Shirt,White,Silk,Winter,Vintage,Worn,-16,Snowy,38,Sports Activity,0
Trousers,Purple,Wool,Winter,Vintage,New,0,Snowy,86,Sports Activity,0
Jacket,Green,Silk,Summer,Vintage,Used,35,Sunny,41,Casual Outing,0
Jacket,Yellow,Wool,Summer,Vintage,Used,30,Sunny,70,Casual Outing,0
Trousers,Black,Cotton,Spring,Vintage,Used,24,Sunny,66,Formal Event,0
Skirt,Red,Polyester,Summer,Vintage,Worn,32,Sunny,9,Formal Event,0
Shirt,Red,Polyester,Summer,Vintage,New,38,Sunny,20,Formal Event,0
Trousers,Brown,Wool,Summer,Vintage,New,32,Sunny,10,Formal Event,0
Skirt,White,Cotton,Spring,Vintage,Used,20,Sunny,64,Sports Activity,0
Shirt,Black,Cotton,Summer,Vintage,New,40,Sunny,85,Sports Activity,0
Jacket,Gray,Cotton,Summer,Vintage,New,36,Sunny,63,Sports Activity,0
Jacket,Yellow,Wool,Fall,Vintage,Used,2,Sunny,13,Sports Activity,0
Dress,Red,Wool,Spring,Vintage,New,22,Sunny,91,Sports Activity,0
Skirt,Blue,Cotton,Fall,Vintage,Worn,13,Sunny,6,Casual Outing,0
Dress,Red,Cotton,Fall,Vintage,Worn,3,Sunny,25,Casual Outing,0
Skirt,Brown,Polyester,Summer,Vintage,New,29,Sunny,61,Casual Outing,0
Skirt,Gray,Silk,Summer,Vintage,Used,33,Sunny,75,Casual Outing,0
Jacket,Orange,Wool,Summer,Vintage,Used,34,Sunny,34,Casual Outing,0
Shirt,Green,Wool,Summer,Vintage,New,35,Sunny,15,Casual Outing,0
Trousers,Brown,Cotton,Summer,Vintage,Used,30,Sunny,12,Formal Event,0
Shirt,Orange,Cotton,Summer,Vintage,Worn,35,Sunny,100,Sports Activity,0
Jacket,White,Cotton,Fall,Vintage,Used,1,Sunny,83,Sports Activity,0
Shirt,Green,Cotton,Spring,Vintage,Worn,24,Sunny,66,Sports Activity,0
Shirt,Black,Cotton,Summer,Vintage,New,38,Sunny,0,Sports Activity,0
Trousers,Gray,Cotton,Fall,Vintage,Used,13,Sunny,20,Sports Activity,0
Trousers,Orange,Cotton,Spring,Vintage,Worn,22,Sunny,14,Sports Activity,0
Skirt,Purple,Cotton,Fall,Vintage,Worn,3,Sunny,63,Sports Activity,0
Jacket,Gray,Polyester,Summer,Vintage,New,27,Sunny,17,Sports Activity,0
Shirt,Red,Polyester,Spring,Vintage,New,18,Sunny,82,Sports Activity,0
Shirt,Blue,Polyester,Summer,Vintage,Worn,35,Sunny,78,Sports Activity,0
Skirt,Black,Polyester,Spring,Vintage,Used,19,Sunny,76,Sports Activity,0
Shirt,Black,Polyester,Fall,Vintage,Worn,2,Sunny,56,Sports Activity,0
Skirt,Blue,Polyester,Summer,Vintage,Worn,27,Sunny,61,Sports Activity,0
Skirt,Blue,Polyester,Summer,Vintage,Used,40,Sunny,34,Sports Activity,0
Jacket,Gray,Polyester,Summer,Vintage,New,28,Sunny,79,Sports Activity,0
Skirt,Black,Silk,Spring,Vintage,New,19,Sunny,77,Sports Activity,0
Jacket,White,Silk,Fall,Vintage,Worn,15,Sunny,5,Sports Activity,0
Skirt,Red,Silk,Summer,Vintage,New,35,Sunny,87,Sports Activity,0
Skirt,Green,Silk,Spring,Vintage,New,22,Sunny,31,Sports Activity,0
Skirt,Orange,Wool,Summer,Vintage,Used,33,Sunny,28,Sports Activity,0
Dress,Purple,Wool,Summer,Vintage,Worn,39,Sunny,73,Sports Activity,0
Shirt,Green,Wool,Summer,Vintage,Used,29,Sunny,21,Sports Activity,0
Shirt,White,Cotton,Fall,Vintage,Worn,2,Windy,7,Casual Outing,0
Dress,Gray,Polyester,Winter,Vintage,Worn,-13,Windy,62,Casual Outing,0
Trousers,Brown,Silk,Winter,Vintage,Worn,-14,Windy,15,Formal Event,0
Skirt,Purple,Cotton,Winter,Vintage,New,0,Windy,96,Sports Activity,0
Shirt,Orange,Polyester,Fall,Vintage,Used,3,Windy,40,Sports Activity,0
Jacket,Purple,Silk,Fall,Vintage,Used,1,Windy,40,Sports Activity,0
Dress,Gray,Cotton,Winter,Vintage,Worn,-18,Windy,56,Casual Outing,0
Dress,Black,Cotton,Winter,Vintage,Worn,-17,Windy,23,Casual Outing,0
Trousers,Orange,Polyester,Fall,Vintage,Worn,13,Windy,40,Casual Outing,0
Jacket,Gray,Silk,Fall,Vintage,New,10,Windy,8,Casual Outing,0
Dress,White,Silk,Fall,Vintage,Worn,15,Windy,78,Casual Outing,0
Trousers,Black,Cotton,Winter,Vintage,Used,-9,Windy,23,Formal Event,0
Trousers,White,Cotton,Winter,Vintage,Used,-20,Windy,47,Formal Event,0
Skirt,Brown,Polyester,Fall,Vintage,Worn,14,Windy,37,Formal Event,0
Skirt,Blue,Silk,Spring,Vintage,Used,16,Windy,22,Formal Event,0
Jacket,Green,Silk,Fall,Vintage,Worn,1,Windy,45,Formal Event,0
Dress,Brown,Cotton,Spring,Vintage,Worn,17,Windy,35,Sports Activity,0
Jacket,Red,Cotton,Winter,Vintage,Used,-4,Windy,88,Sports Activity,0
Jacket,Blue,Cotton,Spring,Vintage,Worn,19,Windy,5,Sports Activity,0
Shirt,Blue,Polyester,Winter,Vintage,New,-11,Windy,96,Sports Activity,0
Trousers,White,Polyester,Fall,Vintage,Worn,9,Windy,20,Sports Activity,0
Dress,Blue,Polyester,Winter,Vintage,Used,-20,Windy,36,Sports Activity,0
Jacket,White,Polyester,Winter,Vintage,New,-3,Windy,20,Sports Activity,0
Skirt,Purple,Silk,Spring,Vintage,Used,18,Windy,58,Sports Activity,0
Jacket,Orange,Silk,Fall,Vintage,Worn,14,Windy,55,Sports Activity,0
Skirt,Brown,Silk,Spring,Vintage,New,18,Windy,95,Sports Activity,0
Jacket,White,Silk,Winter,Vintage,Used,-9,Windy,28,Sports Activity,0
Jacket,Orange,Silk,Winter,Vintage,New,-8,Windy,52,Sports Activity,0
Trousers,Gray,Wool,Winter,Vintage,Used,-4,Windy,74,Sports Activity,0
Shirt,Brown,Wool,Winter,Vintage,Worn,-18,Windy,69,Sports Activity,0
Dress,White,Wool,Winter,Vintage,Used,-10,Windy,97,Sports Activity,0
Shirt,Red,Wool,Winter,Vintage,Used,-1,Windy,92,Sports Activity,0
Skirt,White,Wool,Winter,Vintage,New,-9,Windy,91,Sports Activity,0
Shirt,Black,Wool,Fall,Vintage,Used,4,Windy,57,Sports Activity,0
Jacket,Green,Cotton,Spring,Vintage,New,25,Cloudy,21,Casual Outing,1
Jacket,Blue,Polyester,Winter,Vintage,New,-20,Cloudy,25,Casual Outing,1
Dress,Yellow,Polyester,Fall,Vintage,Used,13,Cloudy,31,Casual Outing,1
Shirt,White,Polyester,Winter,Vintage,Used,-8,Cloudy,22,Casual Outing,1
Trousers,Yellow,Silk,Spring,Vintage,Worn,26,Cloudy,96,Casual Outing,1
Dress,Orange,Wool,Spring,Vintage,Used,18,Cloudy,42,Casual Outing,1
Jacket,Black,Wool,Summer,Vintage,New,18,Cloudy,69,Casual Outing,1
Shirt,Yellow,Wool,Fall,Vintage,Worn,5,Cloudy,73,Casual Outing,1
Jacket,Purple,Cotton,Winter,Vintage,New,-15,Cloudy,93,Formal Event,1
Jacket,Purple,Cotton,Winter,Vintage,New,0,Cloudy,89,Formal Event,1
Trousers,Green,Cotton,Summer,Vintage,Worn,29,Cloudy,43,Formal Event,1
Dress,Gray,Cotton,Summer,Vintage,Worn,28,Cloudy,54,Formal Event,1
Dress,Yellow,Polyester,Winter,Vintage,New,-13,Cloudy,86,Formal Event,1
Dress,White,Polyester,Fall,Vintage,Worn,3,Cloudy,51,Formal Event,1
Dress,Blue,Polyester,Winter,Vintage,New,-4,Cloudy,98,Formal Event,1
Dress,Black,Polyester,Fall,Vintage,Used,12,Rainy,32,Casual Outing,1
Jacket,Red,Polyester,Fall,Vintage,Used,7,Rainy,6,Formal Event,1
Skirt,Blue,Silk,Spring,Vintage,New,16,Rainy,71,Formal Event,1
Dress,Red,Silk,Spring,Vintage,New,17,Rainy,96,Formal Event,1
Trousers,Blue,Wool,Spring,Vintage,Worn,19,Rainy,61,Formal Event,1
Shirt,Orange,Polyester,Spring,Vintage,New,20,Rainy,41,Casual Outing,1
Shirt,Yellow,Silk,Fall,Vintage,Used,7,Rainy,51,Casual Outing,1
Jacket,Yellow,Silk,Winter,Vintage,New,5,Rainy,90,Casual Outing,1
Dress,Purple,Polyester,Winter,Vintage,Used,0,Snowy,40,Casual Outing,1
Shirt,Brown,Polyester,Winter,Vintage,Used,-4,Snowy,77,Casual Outing,1
Trousers,Black,Wool,Winter,Vintage,Used,-3,Snowy,0,Casual Outing,1
Dress,Red,Polyester,Winter,Vintage,Used,-4,Snowy,20,Formal Event,1
Shirt,Brown,Wool,Winter,Vintage,New,-4,Snowy,37,Formal Event,1
Jacket,Yellow,Polyester,Winter,Vintage,Used,-4,Snowy,8,Sports Activity,1
Shirt,Green,Cotton,Summer,Vintage,Used,31,Sunny,19,Casual Outing,1
Skirt,Black,Silk,Summer,Vintage,Worn,33,Sunny,13,Casual Outing,1
Trousers,Orange,Silk,Fall,Vintage,Used,8,Sunny,82,Casual Outing,1
Dress,Blue,Wool,Spring,Vintage,Used,25,Sunny,69,Casual Outing,1
Shirt,Purple,Wool,Fall,Vintage,New,5,Sunny,42,Casual Outing,1
Skirt,Orange,Wool,Fall,Vintage,New,8,Sunny,56,Casual Outing,1
Skirt,Red,Cotton,Summer,Vintage,New,33,Sunny,46,Formal Event,1
Skirt,Orange,Polyester,Fall,Vintage,Used,8,Sunny,36,Formal Event,1
Shirt,Brown,Cotton,Summer,Vintage,New,35,Sunny,72,Casual Outing,1
Shirt,Orange,Cotton,Summer,Vintage,Used,28,Sunny,40,Casual Outing,1
Skirt,Purple,Cotton,Summer,Vintage,Worn,32,Sunny,88,Casual Outing,1
Dress,Yellow,Wool,Fall,Vintage,Worn,6,Sunny,81,Casual Outing,1
Dress,Purple,Cotton,Summer,Vintage,Used,29,Sunny,33,Formal Event,1
Shirt,White,Cotton,Summer,Vintage,New,33,Sunny,81,Formal Event,1
Skirt,Red,Silk,Fall,Vintage,New,10,Windy,97,Casual Outing,1
Trousers,Red,Wool,Winter,Vintage,New,-7,Windy,96,Casual Outing,1
Shirt,Yellow,Wool,Fall,Vintage,New,9,Windy,82,Casual Outing,1
Dress,Yellow,Silk,Spring,Vintage,New,20,Windy,81,Formal Event,1
Dress,Black,Silk,Fall,Vintage,Worn,10,Windy,9,Formal Event,1
Dress,Yellow,Wool,Winter,Vintage,New,-8,Windy,47,Formal Event,1
Jacket,Red,Cotton,Fall,Vintage,Used,12,Windy,80,Casual Outing,1
Shirt,Blue,Cotton,Fall,Vintage,Used,8,Windy,64,Casual Outing,1
Skirt,Yellow,Polyester,Winter,Vintage,New,-18,Windy,38,Casual Outing,1
Jacket,Blue,Polyester,Winter,Vintage,Worn,-4,Windy,88,Casual Outing,1
Skirt,Yellow,Polyester,Winter,Vintage,Used,-3,Windy,18,Casual Outing,1
Jacket,Gray,Wool,Fall,Vintage,Used,1,Windy,70,Casual Outing,1
Jacket,Brown,Wool,Winter,Vintage,New,-8,Windy,98,Casual Outing,1
Jacket,Green,Wool,Winter,Vintage,Used,-4,Windy,62,Casual Outing,1
Dress,Yellow,Wool,Fall,Vintage,New,4,Windy,56,Casual Outing,1
Jacket,Red,Cotton,Fall,Vintage,New,12,Windy,47,Formal Event,1
Jacket,Red,Cotton,Winter,Vintage,Used,-7,Windy,46,Formal Event,1
Jacket,Orange,Polyester,Winter,Vintage,Used,0,Windy,35,Formal Event,1
Shirt,Red,Polyester,Winter,Vintage,Used,-2,Windy,43,Formal Event,1
Trousers,Orange,Polyester,Winter,Vintage,Used,-2,Windy,93,Formal Event,1
Trousers,Yellow,Silk,Winter,Vintage,New,-8,Windy,14,Formal Event,1
Trousers,Yellow,Silk,Winter,Vintage,New,-1,Windy,99,Formal Event,1
Skirt,Green,Wool,Winter,Vintage,Used,-8,Windy,82,Formal Event,1
Dress,Yellow,Silk,Summer,Vintage,Worn,18,Rainy,50,Casual Outing,0
Shirt,Purple,Silk,Summer,Vintage,Used,29,Rainy,95,Casual Outing,0
Dress,Blue,Polyester,Summer,Vintage,New,35,Rainy,99,Formal Event,1
Jacket,Blue,Silk,Fall,Vintage,Worn,4,Rainy,79,Formal Event,0
Jacket,Green,Cotton,Winter,Vintage,Used,-3,Snowy,13,Casual Outing,1
Dress,Green,Polyester,Winter,Vintage,Worn,-9,Snowy,80,Casual Outing,0
Dress,Orange,Silk,Winter,Vintage,Used,-10,Snowy,10,Casual Outing,1
Shirt,White,Wool,Winter,Vintage,New,-15,Snowy,48,Casual Outing,1
Skirt,Orange,Wool,Winter,Vintage,Used,-1,Snowy,21,Casual Outing,1
Shirt,Black,Cotton,Winter,Vintage,Worn,-20,Snowy,50,Formal Event,0
Shirt,Purple,Cotton,Winter,Vintage,Used,0,Snowy,24,Formal Event,1
Jacket,Orange,Silk,Winter,Vintage,Used,-20,Snowy,78,Formal Event,0
Jacket,Orange,Polyester,Spring,Vintage,New,17,Sunny,31,Casual Outing,1
Jacket,White,Polyester,Spring,Vintage,Used,23,Sunny,24,Casual Outing,1
Dress,Purple,Polyester,Spring,Vintage,New,17,Sunny,99,Casual Outing,1
Dress,White,Polyester,Spring,Vintage,Used,22,Sunny,69,Casual Outing,1
Trousers,Orange,Polyester,Spring,Vintage,New,21,Sunny,2,Casual Outing,1
Jacket,White,Silk,Summer,Vintage,New,26,Sunny,90,Casual Outing,0
Jacket,Blue,Silk,Summer,Vintage,Used,28,Sunny,29,Casual Outing,1
Trousers,Black,Silk,Summer,Vintage,Worn,34,Sunny,6,Casual Outing,0
Shirt,White,Silk,Fall,Vintage,New,10,Sunny,74,Casual Outing,1
Trousers,Black,Wool,Spring,Vintage,Worn,21,Sunny,7,Casual Outing,0
Skirt,Black,Wool,Summer,Vintage,Used,28,Sunny,24,Casual Outing,1
Shirt,Blue,Cotton,Fall,Vintage,Worn,3,Sunny,14,Formal Event,0
Jacket,Orange,Cotton,Summer,Vintage,Used,39,Sunny,31,Formal Event,1
Shirt,Yellow,Cotton,Spring,Vintage,New,21,Sunny,89,Formal Event,1
Skirt,Red,Cotton,Fall,Vintage,Used,11,Sunny,79,Formal Event,1
Trousers,Yellow,Cotton,Summer,Vintage,Used,32,Sunny,88,Formal Event,1
Dress,Black,Cotton,Summer,Vintage,New,36,Sunny,84,Formal Event,1
Jacket,Gray,Polyester,Summer,Vintage,New,33,Sunny,1,Formal Event,1
Jacket,Gray,Polyester,Summer,Vintage,Worn,30,Sunny,48,Formal Event,0
Trousers,Black,Polyester,Summer,Vintage,New,38,Sunny,83,Formal Event,1
Trousers,Yellow,Polyester,Fall,Vintage,Used,15,Sunny,8,Formal Event,1
Dress,Red,Polyester,Summer,Vintage,New,31,Sunny,43,Formal Event,1
Trousers,Blue,Polyester,Spring,Vintage,Worn,24,Sunny,57,Formal Event,0
Jacket,Gray,Polyester,Summer,Vintage,Worn,29,Sunny,63,Formal Event,0
Skirt,Gray,Polyester,Summer,Vintage,Worn,38,Sunny,91,Formal Event,0
Jacket,Gray,Silk,Fall,Vintage,Worn,12,Sunny,24,Formal Event,1
Shirt,Brown,Silk,Summer,Vintage,Used,26,Sunny,81,Formal Event,0
Trousers,Blue,Silk,Summer,Vintage,New,37,Sunny,58,Formal Event,1
Skirt,White,Silk,Spring,Vintage,New,25,Sunny,30,Formal Event,1
Dress,White,Silk,Summer,Vintage,Used,33,Sunny,12,Formal Event,1
Trousers,White,Wool,Fall,Vintage,Used,1,Sunny,16,Formal Event,1
Shirt,Purple,Wool,Summer,Vintage,New,38,Sunny,66,Formal Event,1
Shirt,Yellow,Wool,Spring,Vintage,New,22,Sunny,55,Formal Event,1
